Eagle Sign Company,,,
STATUS AS OF 01/02/25,,,
,,,
Part Number,Inv Type,Part Description,UOM
,,,
******,BALLST,BALLASTS,
301-0185,BALLST,ADVANCE ISB 104014E,EA
301-0220,BALLST,175W METAL HALIDE MT BALLAST,EA
301-0240,BALLST,250W MH MULTI TAP BALLAST,EA
301-0245,BALLST,400W MH M59 MULTI TAP BALLAST,EA
301-0260,BALLST,400W METAL HALIDE MT BALLAST,EA
301-0290,BALLST,320 PULSE START BALLAST,EA
301-0330,BALLST,MH1000W MULTI TAP BALLAST,EA
301-1302,BALLST,KTSB-E-0416-12 Keystone Electronic Ballast,EA
301-1303,BALLST,KTSB-E-1232-24 Keystone Electronic Ballast,EA
301-1304,BALLST,KTSB-E-2048-46 Keystone Electronic Ballast,EA
,,,
******,ELECT,ELECTRICAL,
302-0100,ELECT,BX ARMOR CABLE #12/3,FT
302-0140,ELECT,HIGH VOLTAGE CABLE GTO,FT
302-0180,ELECT,BX CLAMP/ARMOR CABLE,EA
302-0186,ELECT,"3/4"" Cable Clamp",EA
302-0187,ELECT,Heyco Wavelock clip,EA
302-0231,ELECT,HEYCO 1029 mounting bracket,EA
302-0445,ELECT,"3/8"" ALUMINUM GREENFIELD CONDUIT",FT
302-0450,ELECT,"3/4"" ALUMINUM GREENFIELD CONDUIT",FT
302-0460,ELECT,"1/2"" ALUMINUM GREENFIELD CONDUIT 100 FT BUNDLE",FT
302-0570,ELECT,"1/2"" LIQUITITE CONDUIT",FT
302-0580,ELECT,"1/2"" LIQUITITE CONDUIT 100 FT BUNDLE",FT
302-0621,ELECT,"3/4"" Heyco 8452 black conduit",FT
302-1150,ELECT,3M STD CABLE TIES/NYLON,EA
303-0145,ELECT,2x4 bell box cover 5173-0 sg wp,EA
303-0150,ELECT,RACO 5320-0 1G WP BX W/3-1/2 HUBS,EA
303-0151,ELECT,RACO 5330-0 WP BX W/ 3/4 HUBS,EA
303-0180,ELECT,RACO 5128-0 SP 20A 277VAC SW&WP CVR,EA
303-0210,ELECT,RACO 660 1-7/8D HANDY BOX 1/2 KO,EA
303-0211,ELECT,"RACO 666 1 7/8"" deep handy box 3/4"" knockout",EA
303-0240,ELECT,RACO 860 BLANK HANDY BOX COVER,EA
303-0298,ELECT,"3/8"" Heyco Bushing",EA
303-0300,ELECT,"1/2"" PLASTIC BUSHING",EA
303-0303,ELECT,"5/8"" Heyco Bushing",EA
303-0313,ELECT,"7/8"" Heyco Bushing",EA
303-0581,ELECT,#10 eyelet - 60042 Ring Tongue,EA
303-0610,ELECT,"1/2"" GREENFIELD CONNECTOR BRDGPORT 520-DC2",EA
303-0611,ELECT,"3/4"" GREENFIELD CONNECTOR BRDGPORT 521-DC2",EA
303-0612,ELECT,HEYCO 8495 Snap In Connector,EA
303-0650,ELECT,"1/2"" LIQUITITE SEALTITE MALE CONNECTOR - STRAIGHT - RACO #3402",EA
303-0780,ELECT,"3/8"" ROMEX CONNECTOR (SQUEEZE)",EA
303-0960,ELECT,"1"" PVC COUPLING",EA
303-1030,ELECT,"1/2"" 90-DEG. GREENFIELD CONNECTOR BRDGPORT 804-DC2",EA
303-1090,ELECT,"1"" PVC 90-DEG. ELBOW",EA
303-1130,ELECT,"1/2"" 90-DEG. SEALTIGHT ELBOW",EA
303-1220,ELECT,"1/2"" LOCK NUT",EA
303-1240,ELECT,"1"" LOCK NUT",EA
303-1260,ELECT,"1-1/2"" LOCK NUT",EA
303-1280,ELECT,"1/2"" CHASE NIPPLE",EA
303-1330,ELECT,"1"" CHASE NIPPLE",EA
303-1355,ELECT,"1 1/2"" CHASE NIPPLE 1106-DC",EA
303-1435,ELECT,Paige Wall Busters,EA
307-0100,ELECT,18 GAUGE LED HOOK UP WIRE,FT
307-0101,ELECT,LED HOOK UP WIRE for RGB systems,FT
307-0121,ELECT,Hanley LED NRG Mini-PE-Mini 7000k 12v,EA
307-0134,ELECT,HanleyLED NRG Series IV - PE4/PN4,EA
307-0151,ELECT,H96W-SD-24V power supply,EA
307-0167,ELECT,Sloan 701507-MOD60277 Power Supply,EA
307-0170,ELECT,H192W-SD-24 power supply,EA
307-0241,ELECT,Agilight Pro215,EA
307-0247,ELECT,Principal Qwik Mod QM3,EA
307-0256,ELECT,SHLB-2S60 4500K Concord,EA
307-0257,ELECT,SHLB-2S36 4500K Concord,EA
307-0258,ELECT,HPEB-CC cable 6',EA
307-0259,ELECT,HPEB-CC cable 12,EA
307-0260,ELECT,Hanley PF4180W,EA
307-0261,ELECT,PF3120 Phoenix LED,EA
307-0262,ELECT,PF3120 Red Phoenix LED,EA
307-0263,ELECT,PF2080 Phoenix LED,EA
307-0264,ELECT,H120W-PPS5 Hanley Power Supply,EA
307-0265,ELECT,H60W-SD-12 Hanley Power Supply,EA
307-0269,ELECT,"SHPEB-2S6045K NRG Bar 60"" 4500K",EA
307-0270,ELECT,"SHPEB-2S3645K NRG Bar 36"" 4500K",EA
307-0271,ELECT,PF2080 Red Phoenix LED,EA
307-0273,ELECT,"SHPEB-2S9645K NRG Bar 96"" 4500K",EA
307-0274,ELECT,"SHPEB-2S12045K NRG Bar 120"" 4500K",EA
307-2530,ELECT,LED Corn 120W,EA
310-0150,ELECT,K1121 PHOTO CELL,EA
310-0350,ELECT,T101 TIME CLOCK,EA
311-0840,ELECT,530.1 SPRINGLOADED SOCKETS,EA
311-0841,ELECT,530.2 STATIONERY SOCKETS,EA
311-0860,ELECT,582-583 SNAP IN SOCKETS - 250/BOX,EA
311-0862,ELECT,HPEB-MB NRG Bar Mounting Bracket,EA
311-0980,ELECT,WEATHER PROTECTIVE COVERS #S2983 FOR TOGGLE SWITCH,EA
311-1050,ELECT,TOGGLE SWITCH W/LEADS,EA
313-0310,ELECT,#10 STRANDED WIRE,FT
313-0330,ELECT,#12 RED 600V STRANDED WIRE,FT
313-0331,ELECT,#12 WHITE 600V STRANDED WIRE,FT
313-0332,ELECT,#12 BLACK 600V STRANDED WIRE,FT
313-0333,ELECT,#12 GREEN 1000V STRANDED WIRE MTW,FT
313-0334,ELECT,#12 WHITE UL 1000V STRANDED WIRE MTW,FT
313-0335,ELECT,#12 BLACK UL 1000V STRANDED WIRE MTW,FT
313-0336,ELECT,#12 GREEN UL 1000V STRANDED WIRE MTW,FT
313-0337,ELECT,#12 AWC 15-12-65T-2 Red 12AWG UL 1000V MTW ,LF
313-0360,ELECT,#14 STRANDED WIRE,FT
313-0380,ELECT,30-072 BLUE WIRE NUT,EA
313-0420,ELECT,30-452 RED WIRE NUTS,EA
313-0440,ELECT,30-454 BLUE WIRE NUT,EA
313-0465,ELECT,WIRE NUTS O/B+,EA
313-0470,ELECT,30-451 YELLOW WIRE NUTS,EA
313-0475,ELECT,74B YELLOW 1000V UL WIRE NUT,EA
313-0476,ELECT,Wago 3 wire lever nuts,EA
313-0477,ELECT,Wago 5 wire lever nuts,EA
,,,
******,FADHES,ADHESIVES,
201-0100,FADHES,406/19 LORD PAK ADHESIVE,TUBE
201-0112,FADHES,Lord Adhesive 7550 (TRIM CAP),TUBE
201-0130,FADHES,3M ADHESIVE REMOVER #08984,OZ
201-0275,FADHES,LATEX WHITE CAULK ,TUBE
201-0285,FADHES,#3 WELD ON PLASTIC CEMENT,OZ
201-0290,FADHES,#16 WELD ON PLASTIC CEMENT ,OZ
201-0294,FADHES,#58 WELD ON PLASTIC CEMENT ,OZ
201-0340,FADHES,CLEAR SILICONE,TUBE
,,,
******,FALEXT,EXTRUSIONS,
202-0100,FALEXT,"3"" ALUMINUM GUSSETS",EA
202-0140,FALEXT,TYPE II BACK ADAPTER - 26',FT
202-0150,FALEXT,BLEED TRIM ABC Extr.- 26',FT
202-0185,FALEXT,"1-1/2"" CONVENTIONAL DIVIDER BAR - 26'",LF
202-0190,FALEXT,"1-3/4"" SMALL DIVIDER BAR - 26'",FT
202-0220,FALEXT,ABC FLEXIBLE FACE TENSIONERS - 500/BOX,EA
202-0250,FALEXT,TYPE IV END FRAME ABC- 26',FT
202-0270,FALEXT,"LARGE ""A"" BLEEDFRAME ABC- 26'",FT
202-0340,FALEXT,THRIF-T FRAME,FT
202-0350,FALEXT,"12"" CONVENTIONAL FRAME - 26'",FT
202-0360,FALEXT,TYPE I FRAME (10)- 26',FT
202-0370,FALEXT,TYPE II FRAME - 26',FT
202-0380,FALEXT,TYPE I WIDE FAB FRAME (EI) - 26',FT
202-0385,FALEXT,Type III End Frame - 26',FT
202-0387,FALEXT,Type III Unit Frame - 26',FT
202-0390,FALEXT,TYPE IV UNIT FRAME - 26',FT
202-0420,FALEXT,"1/8"" X 1/2"" X 50' GASKET TAPE ",FT
202-0425,FALEXT,"1/8"" X 1 1/2""  GASKET TAPE ",FT
202-0431,FALEXT,"LARGE ""A"" Z-BRACKET",EA
202-0500,FALEXT,"8"" ANGLE IRON BRACKETS - LAF IRONS",EA
202-0510,FALEXT,"LARGE ""A"" FLEXFRAME - 26'",FT
202-0530,FALEXT,"LARGE ""A"" BACK ADAPTER - 26'",FT
202-0540,FALEXT,C-COVER CORNER FLASHING - L/A SCABS,EA
202-0560,FALEXT,"LARGE ""A"" SPREADER BARS (Frame Support)",EA
202-0570,FALEXT,"LG ""A"" BLEEDFRAME COVER ABC 26'",FT
202-0580,FALEXT,"LARGE ""A"" C-COVER ABC- 26'",FT
202-0610,FALEXT,"2-1/2"" FLAT RETAINER ABC- 26'",FT
202-0620,FALEXT,TYPE III FLAT RETAINER ABC,FT
202-0680,FALEXT,2 TYPE I FLAT RETAINER - 26',LF
202-0690,FALEXT,2 LG E-Z RETAINER - 26',LF
202-0710,FALEXT,TYPE IV RETAINER - 26',LF
202-0820,FALEXT,"SMALL ""A"" FLEX COVER ABC- 26'",FT
202-0830,FALEXT,"SMALL ""A"" FLEX FRAME ABC- 26'",FT
202-0861,FALEXT,Post & Panel Retainer,EA
202-0864,FALEXT,"3 1/4"" half round post - 25' pieces",LF
202-0865,FALEXT,"5"" Half Round Post ABC part #1004-RDP",LF
202-0866,FALEXT,"1"" Reveal - Post & Panel ABC part #1040-R1",LF
202-0867,FALEXT,Post & Panel Mono Frame - 25' pieces,LF
202-0868,FALEXT,Post & Panel end frame - 25' pieces,LF
202-0920,FALEXT,LARGE BLEED TRIM ABC- 26',FT
202-0941,FALEXT,"1 3/8"" H-style Divider Bar",FT
202-1235,FALEXT,EXCELLART MC RETAINER - H STYLE,FT
202-1263,FALEXT,"LCB1970N narrow 5"" channel letter raceway and cover",FT
202-1265,FALEXT,"7"" EXCELLART CHANNEL LETTER RACEWAY - 1401015 24'6"" pieces.",FT
202-1266,FALEXT,"Excellart 7"" RACEWAY ENDCAP ",EA
202-1267,FALEXT,"Excellart 2"" mounting bracket",EA
202-1270,FALEXT,RACEWAY SPREADER BARS,EA
202-1295,FALEXT,"7"" EXCELLART CHANNEL LETTER RACEWAY COVER - 1401016 24'6"" pieces",FT
202-1320,FALEXT,"5"" X 7"" HAND HOLE COVER",EA
202-1330,FALEXT,"6"" X 7"" X .032"" HAND HOLE COVER",EA
202-1400,FALEXT,Large Channel Extrusion 10',FT
,,,
******,FALUM,ALUMINUM,
203-0110,FALUM,"1"" X 1"" X 3/16"" ALUM ANGLE - 25'",FT
203-0130,FALUM,"1-1/2"" X 1-1/2"" X 3/16"" ALUM ANGLE ",LF
203-0140,FALUM,"2"" X 2"" X 1/8"" ALUM ANGLE - 25'",FT
203-0150,FALUM,"2"" X 2"" X 3/16"" ALUM ANGLE - 25'",FT
203-0160,FALUM,"2"" X 2"" X 1/4"" ALUM ANGLE - 25'",FT
203-0310,FALUM,"1"" X 1"" X 1/8"" ALUM TUBE ",LF
203-0320,FALUM,"1-1/4"" X 1-1/4"" X 1/8"" ALUM TUBE  21'1""",FT
203-0330,FALUM,"1-1/2"" X 1-1/2"" X 1/8"" ALUM TUBE  21'1""",FT
203-0360,FALUM,"2"" X 2"" X 1/8"" ALUM TUBE ",LF
203-0365,FALUM,"2"" X 3"" X 1/8"" ALUMINUM TUBE - 21' 1""",FT
203-0375,FALUM,"2"" X 2"" X 1/4"" ALUMINUM TUBE - 25'",LF
203-0430,FALUM,"3"" X 3"" X 1/8"" ALUM TUBE",LF
203-0450,FALUM,"4"" X 4"" X 1/8"" ALUM TUBE - 21'-1""",FT
203-0495,FALUM,"1/4"" X 12"" ALUMINUM FLAT - 12'",FT
203-0500,FALUM,"1/4"" X 2"" ALUM FLAT ",LF
203-0510,FALUM,"1/4"" X 3"" ALUM FLAT ",LF
204-0141,FALUM,".090"" ALUM SHEET 5052",SF
204-0144,FALUM,.100 5052 aluminum no sheet size,SF
204-0155,FALUM,.125 ALUMINUM 5052,SF
204-0162,FALUM,".250"" ALUM SHEET 5052 -no sheet size-sq. ft.",SF
205-0111,FALUM,".040"" BLACK/WHITE ALUM VM ",SF
205-0113,FALUM,.040 Ivy Green/White aluminum,SF
205-0180,FALUM,".040"" WHITE/WHITE ALUMINUM ",SF
205-0201,FALUM,".050"" WHITE/MILL ALUM 5052 ",SF
205-0211,FALUM,".063"" WHITE/WHITE ALUM ",SF
205-0212,FALUM,".063"" Texaco Red/WHITE ALUM ",SF
205-0221,FALUM,".063"" MILL ALUMINUM 5052 ",SF
205-0253,FALUM,".080"" WHITE/WHITE 4x10 sheets",SF
205-0256,FALUM,".080"" ALUMINUM 5052",SF
206-0100,FALUM,3MM White/White Maxmetal Lite,SF
206-0110,FALUM,6MM white/white maxmetal 6mm,SF
206-0160,FALUM,3MM WHITE 1S D-LITE  - 4' X 8',SF
206-0221,FALUM,6MM WHITE 2S ALUMALITE - 4' X 10',SF
,,,
******,FAWN,AWNING,
202-1110,FAWN,AWNING TRIM CAP - MILLIKEN 350' per box,FT
202-1120,FAWN,"1"" X 1"" STANDARD WALL W/DBL 1"" FLANGES - 24'",FT
202-1130,FAWN,MI-6 AWNING Z CLIPS,EA
202-1140,FAWN,"MP1A 1"" X 1"" STD WALL STAPLE-IN - 24'",FT
202-1160,FAWN,"MP2B 1"" X 1"" STD. WALL/1FLNG STPLN",FT
202-1170,FAWN,GALVANIZED STAPLES,EA
,,,
******,FCHANG,CHANGEABLE COPY,
218-0160,FCHANG,"LETTER TRACK, BOTTOM - 8'",FT
218-0170,FCHANG,"LETTER TRACK, MUTUAL - 8'",FT
218-0180,FCHANG,"LETTER TRACK, TOP - 8'",FT
,,,
******,FCHANN,CHANNEL LETTER,
208-0101,FCHANN,"1"" BLACK JEWELITE TRIMCAP - 150'/RL",LF
208-0110,FCHANN,"2"" BLACK JEWELITE TRIMCAP - 10'",LF
208-0121,FCHANN,"1"" BLUE JEWELITE TRIMCAP - 150'",LF
208-0125,FCHANN,"1"" LIGHT BLUE JEWELITE TRIMCAP - 10'",FT
208-0130,FCHANN,"2"" BLUE JEWELITE TRIMCAP - 10'",LF
208-0141,FCHANN,"1"" BRONZE JEWELITE TRIMCAP - 150'/RL",LF
208-0185,FCHANN,"1"" CHROME JEWELITE TRIMCAP - 150'/RL",LF
208-0191,FCHANN,"1"" BRUSHED CHROME JEWELITE TRIMCAP - 150'/RL",LF
208-0231,FCHANN,"1"" GREEN JEWELITE TRIMCAP - 150'/RL",LF
208-0235,FCHANN,"1"" HUNTER GREEN #2162 GEMTRIM TRIMCAP - 150'/RL",LF
208-0251,FCHANN,"1"" IVORY JEWELITE TRIMCAP - 150'/RL",LF
208-0261,FCHANN,"1"" ORANGE JEWELITE TRIMCAP - 150'/RL",LF
208-0265,FCHANN,"1"" PURPLE #2287 GEMTRIM TRIMCAP - 150'/RL",FT
208-0271,FCHANN,"1"" RED JEWELITE TRIMCAP - 150'/RL",LF
208-0280,FCHANN,"2"" RED JEWELITE TRIMCAP - 10'",LF
208-0291,FCHANN,1 SILVER JEWELITE TRIM,LF
208-0295,FCHANN,"3/4"" WHITE JEWELITE TRIM",LF
208-0301,FCHANN,1 WHITE JEWELITE TRIM,LF
208-0305,FCHANN,1 YELLOW JEWELITE TRIM,FT
208-0310,FCHANN,2 WHITE JEWELITE TRIM,LF
208-0320,FCHANN,1-1/2 X .063 COIL STOCK,LF
208-0350,FCHANN,3 X .063 MILL FINISH COIL,LF
208-0380,FCHANN,5 X .063 MILL FINISH COIL,LF
208-0396,FCHANN,"3.5"" X .040 BLACK/WHITE COIL",FT
208-0400,FCHANN,5.3 X .040 BRUSHED ALUM COIL,LF
208-0415,FCHANN,5.3 X .040 clear anodized coil,LF
208-0420,FCHANN,5.3 BLACK/WHITE LETTER COIL,LF
208-0436,FCHANN,"3.5"" white channel letter coil",LF
208-0465,FCHANN,5.3 X .063 Texaco Red/WHITE COIL,LF
208-0470,FCHANN,5.3 RED/WHITE LETTER COIL,LF
208-0510,FCHANN,8 X .063 MILL FINISH COIL,LF
,,,
******,FFABRC,FABRIC,
209-0145,FFABRC,CBL16 INTENSE BLUE COOLEY BRITE,SF
209-0380,FFABRC,Cooley Brite II / 2037 Yellow,SF
209-0420,FFABRC,COOLEY MAGIC/REMOVER,OZ
209-0460,FFABRC,FLEX FACE CLIPS,EA
209-0467,FFABRC,"3M Panaflex 945GPS White 80"" x 50yd. rolls",SF
,,,
******,FFACE,INTERCOM FACES,
210-0180,FFACE,CAT SCALE GUARANTEE FACE,EA
210-0190,FFACE,CAT SCALE INSTRUCTION FACE,EA
,,,
******,FFLAG,FLAG,
212-0240,FFLAG,3/8 NYLON W/CABLE CNTR NWCH12,LF
,,,
******,FLEXAN,LEXAN,
215-0199,FLEXAN,.150 White Polycarbonate,SF
,,,
******,FLUMBR,LUMBER,
216-0100,FLUMBR,1 X 10 LUMBER,LF
216-0151,FLUMBR,"1"" X 4"" X 12' SPF WOOD FRAMING",FT
216-0251,FLUMBR,"2"" X 4"" X 20' SPF WOOD FRAMING",FT
216-0252,FLUMBR,"2"" X 4"" X 12' SPF WOOD FRAMING",LF
216-0421,FLUMBR,"7/16"" OSB 4'x 8'sheet",SF
,,,
******,FMISC,MISCELLANEIOUS,
213-0230,FMISC,#7018 WELDING ROD,LB
,,,
******,FPLEX,ACRYLIC,
215-0535,FPLEX,.177 WHITE FF #2447 PLEXIGLAS,SF
217-0120,FPLEX,1/2 EGG CRATE LOUVER,SF
217-0485,FPLEX,.177 CLEAR IMPACT MODIFIED ACRYLIC,SF
217-0520,FPLEX,.177 RED PLEXIGLAS FF #2157,SF
217-0556,FPLEX,.177 #7328 WHITE FF PLEXIGLAS,SF
217-0557,FPLEX,.187 #2037 YELLOW FF PLEXIGLAS,SF
217-0700,FPLEX,1/2 WHITE SINTRA (KOMATEX),SF
217-0730,FPLEX,6MM WHITE KOMATEX SINTRA,SF
217-0780,FPLEX,.750 CLEAR ACRYLIC SHEET,SF
217-0790,FPLEX,.500 CLEAR ACRYLIC SHEET,SF
217-0793,FPLEX,"1"" CLEAR ACRYLIC SHEET",SF
217-0795,FPLEX,"1"" 7328 WHITE ACRYLIC SHEET",SF
217-0796,FPLEX,.75 7328 WHITE ACRYLIC SHEET,SF
217-0800,FPLEX,.50 WHITE PLEX 7328,SF
,,,
******,FSHIP,SHIPPING,
220-0101,FSHIP,S-4367 36x6x6 box,EA
220-0102,FSHIP,S-11258 36 x 12 x 12 cardboard box,EA
220-0103,FSHIP,"S-4672, 36 x 10 x 10 cardboard box",EA
220-0115,FSHIP,60 x 12 x 12 CARDBOARD BOX S-20417,EA
220-0240,FSHIP,"1/4"" x 6"" Micro Foam Rolls",FT
220-0315,FSHIP,7 mm shrink wrap,SF
,,,
******,FSTANG,STEEL ANGLE,
219-0100,FSTANG,1/2 X 1/2 X 1/8 ANGLE,FT
219-0150,FSTANG,"1-1/2"" X 1-1/2"" X 3/16"" ANGLE IRON",FT
219-0155,FSTANG,ANGLE IRON MOUNTING BRACKET - CAT,EA
219-0170,FSTANG,"2"" X 2"" X 3/16"" ANGLE IRON",FT
219-0240,FSTANG,3 X 3 X 3/8 ANGLE IRON,FT
219-0270,FSTANG,4 X 4 X 5/16 ANGLE IRON,FT
,,,
******,FSTBC,STEEL CHANNEL,
219-0580,FSTBC,4 IN X 5.4 LB CHANNEL,FT
219-0630,FSTBC,8 IN X 11.5 LB CHANNEL,FT
,,,
******,FSTFLT,STEEL FLAT,
219-0790,FSTFLT,1/4 X 4 H.R. FLAT STEEL,FT
219-0800,FSTFLT,1/4 X 6 FLAT STEEL,FT
219-0860,FSTFLT,3/8 X 6 H.R. FLAT STEEL,FT
219-0970,FSTFLT,5/8 X 6 H.R. FLAT STEEL,FT
219-0990,FSTFLT,3/4 X 8 H.R. FLAT STEEL,FT
219-1010,FSTFLT,3/4 X 12 H R FLAT STEEL,FT
219-1018,FSTFLT,"1"" X 10"" STEEL FLAT",FT
219-1040,FSTFLT,1 X 8 FLAT STEEL,FT
,,,
******,FSTMIS,STEEL MISC,
219-1640,FSTMIS,5/8 H.R. SQUARE STEEL,FT
,,,
******,FSTPIP,STEEL PIPE,
219-1320,FSTPIP,"5"" STEEL PIPE",FT
219-1330,FSTPIP,"6"" STEEL PIPE",FT
219-1340,FSTPIP,"8"" STEEL PIPE",FT
,,,
******,FSTPLT,STEEL PLATE,
219-1050,FSTPLT,Hot Rolled Sheet,SF
219-1130,FSTPLT,1/2 X 6 POLE GUSSETS,EA
219-1141,FSTPLT,"1/2"" x 8"" Top Plate",EA
219-1150,FSTPLT,3/4 X 8 MATCH PLATE,EA
219-1160,FSTPLT,3/4 X 8 TOP PLATE,EA
219-1265,FSTPLT,"24 x 24 x 1.25"" CS Plate 9 H",EA
219-1266,FSTPLT,"24 x 24 x 1 3/8"" CS Plate 9 H",EA
219-1267,FSTPLT,"24 x 24 x 1 3/4"" CS Plate 9 H",EA
,,,
******,FSTTBE,STEEL SQUARE TUBE,
219-1731,FSTTBE,"1-1/2"" X 1-1/2"" X 3/16"" SQ STEEL TUBE ",FT
219-1761,FSTTBE,2 X 2 X 1/8 SQ STEEL TBE,FT
219-1771,FSTTBE,2 X 2 X 3/16 SQ STEEL TBE,FT
219-1781,FSTTBE,2 X 2 X 1/4 SQ STEEL TBE,FT
219-1810,FSTTBE,"2-1/2"" SQ STEEL TUBE X 1/4",FT
219-1811,FSTTBE,"2-1/2"" SQ STEEL TUBE X 1/4",FT
219-1841,FSTTBE,"3"" X 3"" X 1/4"" SQUARE STEEL TUBING",FT
219-1891,FSTTBE,4 X 4 X 1/4 SQUARE TUBE,FT
219-1952,FSTTBE,5 X 5 X 1/4 SQUARE TUBE,FT
219-2102,FSTTBE,"8"" X 8"" 1/4"" SQUARE STEEL TUBE",FT
219-2110,FSTTBE,8 X 8 X 3/8 SQ TUBING,FT
219-2191,FSTTBE,10X10X3/8 SQ TUBING,FT
,,,
******,HRDWRE,HARDWARE,
214-0100,HRDWRE,BLUE ANCHORS,EA
214-0420,HRDWRE,1/4 X 1 BOLT,EA
214-0492,HRDWRE,"1/4"" x 3/4"" THMS Phillips",EA
214-0500,HRDWRE,1/4 X 3 BOLT,EA
214-0570,HRDWRE,5/16 X 1 BOLT,EA
214-0580,HRDWRE,5/16 X 2 BOLT,EA
214-0590,HRDWRE,5/16 X 2-1/2 BOLT - GRADE 8,EA
214-0620,HRDWRE,3/8 X 1 HEX BOLT,EA
214-0630,HRDWRE,3/8 X 1-1/2 HEX BOLT,EA
214-0640,HRDWRE,3/8 X 2 BOLT,EA
214-0650,HRDWRE,3/8 X 2-1/2 BOLT,EA
214-0765,HRDWRE,"1/2"" x 1 1/4"" x 13 HHMS",EA
214-0820,HRDWRE,"1/2"" X 3"" BOLT",EA
214-0830,HRDWRE,1/2 X 3-1/2 BOLT,EA
214-0840,HRDWRE,1/2 X 4 BOLT,EA
214-0860,HRDWRE,1/2 X 5-1/2 BOLT,EA
214-0910,HRDWRE,5/8 X 2 BOLT,EA
214-0911,HRDWRE,"5/8""-11 x 2"" A325 bolt",EA
214-1012,HRDWRE,3/4 X 1 3/4 BOLT,EA
214-1160,HRDWRE,7/8 X 2-1/2 BOLT GRADE 5,EA
214-1240,HRDWRE,1 X 2-1/2 BOLT,EA
214-1250,HRDWRE,1 X 3 BOLT,EA
214-1800,HRDWRE,1/2 X 3 EYE BOLT,EA
214-2270,HRDWRE,1/4 X 2 TOGGLE BOLTS,EA
214-2280,HRDWRE,1/4 X 4 TOGGLE BOLTS,EA
214-2290,HRDWRE,1/4 X 6 TOGGLE BOLT,EA
214-2450,HRDWRE,CABLE TIE,EA
214-2680,HRDWRE,1/4 X 2 LAG SCREW,EA
214-2690,HRDWRE,1/4 X 2-1/2 LAG SCREW,EA
214-2700,HRDWRE,1/4 X 3 LAG SCREW,EA
214-2710,HRDWRE,1/4 X 3-1/2 LAG,EA
214-2830,HRDWRE,3/8 X 1-1/2 LAG SCREW,EA
214-2840,HRDWRE,3/8 X 2 LAG SCREW,EA
214-2850,HRDWRE,3/8 X 2-1/2 LAG SCREW,EA
214-2860,HRDWRE,3/8 X 3 LAG SCREW,EA
214-2870,HRDWRE,3/8 X 3-1/2 LAG SCREW,EA
214-2880,HRDWRE,3/8 X 4 LAG SCREW,EA
214-2890,HRDWRE,3/8 X 4-1/2 LAG SCREW,EA
214-2900,HRDWRE,3/8 X 5 LAG,EA
214-2920,HRDWRE,3/8 X 8 LAG SCREW,EA
214-2960,HRDWRE,1/2 X 3-1/2 LAG SCREW,EA
214-2970,HRDWRE,1/2 X 4 LAG SCREW,EA
214-2980,HRDWRE,1/2 X 5 LAG,EA
214-3000,HRDWRE,1/2 X 8 LAG SCREW,EA
214-3200,HRDWRE,3/16 HEX NUT,EA
214-3205,HRDWRE,3/16 PUSH NUT,EA
214-3210,HRDWRE,3/16 HEX NUT (TINNERMAN),EA
214-3230,HRDWRE,1/4 HEX NUT,EA
214-3235,HRDWRE,"1/4"" X 20 Rivet Nut",EA
214-3240,HRDWRE,"1/4"" SPEED NUT - FLAT(TINNERMAN)",EA
214-3265,HRDWRE,"5/16"" Hex Nut",EA
214-3270,HRDWRE,3/8 HEX NUT,EA
214-3278,HRDWRE,"1/2"" Alum.Nuts",EA
214-3280,HRDWRE,1/2 HEX NUT,EA
214-3310,HRDWRE,5/8 HEX NUT,EA
214-3480,HRDWRE,1-1/8 HEX NUT,EA
214-3540,HRDWRE,#10-24 HEX NUTS,EA
214-3550,HRDWRE,10-24 TINNERMAN NUT,EA
214-3600,HRDWRE,6-32 (3/16) NUT,EA
214-3645,HRDWRE,Bulbex Rivets BF01-0630,EA
214-3649,HRDWRE,4-4 S/S rivet,EA
214-3670,HRDWRE,6-4 S/S rivet,EA
214-3712,HRDWRE,6-6 S/S rivet,EA
214-3715,HRDWRE,4-2 A/A rivet,EA
214-3716,HRDWRE,4-4 A/A rivet,EA
214-3750,HRDWRE,"1/4"" TAPCON SCREW",EA
214-3755,HRDWRE,"3/8"" x 3"" TAPCON SCREW",EA
214-3850,HRDWRE,#8 X 3 GALV DECK SCREW,EA
214-3870,HRDWRE,3 DECK SCREW,EA
214-3880,HRDWRE,3.5 DECK SCREW,EA
214-4100,HRDWRE,"1/4"" x 1"" THMS",EA
214-4180,HRDWRE,"10-24 x 1/2"" THMS",EA
214-4220,HRDWRE,10-24 X 5/8 MACH SCR PAN HEAD,EA
214-4291,HRDWRE,#8 x 1/2 FHSMS,EA
214-4292,HRDWRE,"#8 x 1"" FHSMS",EA
214-4300,HRDWRE,#8 X 1 DRIL &TAP FLAT HEAD SCR,EA
214-4310,HRDWRE,"#10 x 3/4"" TEK Screw",EA
214-4311,HRDWRE,"#10 x 3/4"" PHPSMS Pancake Head Phillips Sheet Metal Screw",EA
214-4312,HRDWRE,"#10 x 1/2"" TEK Screws",EA
214-4320,HRDWRE,"#10 x 3/4"" TEK Screw w/ Rubb",EA
214-4330,HRDWRE,#10 X 1-1/2 SELF TAPPING SCREW,EA
214-4345,HRDWRE,"#12 X 1"" TEK SCREW WITH RUBBER WASHER",EA
214-4350,HRDWRE,"#10 x 2"" Tek Screw",EA
214-4355,HRDWRE,"#10 x 4"" Tek Screw",EA
214-4380,HRDWRE,"#12-24 x 1 1/2"" TEK 5 (Man Killer)",EA
214-4391,HRDWRE,12 X 2 1/2 HWHSMS Tek,EA
214-4410,HRDWRE,"#14 x 3/4"" Tek Screw",EA
214-4440,HRDWRE,#14 X 1-1/2 SELF TAPPER SCREW,EA
214-4470,HRDWRE,#14 X 2 SELF TAPPING SCR,EA
214-4652,HRDWRE,"#8 x 1/2"" PHSMS Black",EA
214-4656,HRDWRE,"#8 X 1/2"" Lath trim cap) screw",EA
214-4670,HRDWRE,#8 X 1 SHEET METAL SCREW,EA
214-4710,HRDWRE,#10 X 1/2 SHEET METAL SC,EA
214-4712,HRDWRE,"#10 x 1/2"" HWHSMS - Black",EA
214-4930,HRDWRE,#08 X 2-1/2 WOOD SCREW,EA
214-4995,HRDWRE,3/16” aluminum weld studs,EA
214-5000,HRDWRE,"2"" STUDS X 3/16 ALUMINUM",EA
214-5350,HRDWRE,AWNING WALL CLIPS/NAGLE,EA
214-5380,HRDWRE,45 WALL ANGLE #304,EA
214-5430,HRDWRE,3/16 FLAT WASHERS,EA
214-5440,HRDWRE,1/4 FLAT WASHERS,EA
214-5450,HRDWRE,5/16 FLAT WASHERS,EA
214-5460,HRDWRE,3/8 FLAT WASHERS,EA
214-5470,HRDWRE,1/2 FLAT WASHERS,EA
214-5500,HRDWRE,5/8 FLAT WASHERS,EA
214-5510,HRDWRE,5/8 FLAT WASHERS/A325,EA
214-5520,HRDWRE,"3/4"" flat washers",EA
214-5530,HRDWRE,7/8 FLAT WASHERS,EA
214-5550,HRDWRE,"1"" flat washers",EA
214-5560,HRDWRE,1-1/8 FLAT WASHERS,EA
214-5590,HRDWRE,3/16 FENDER WASHERS,EA
214-5600,HRDWRE,1/4 FENDER WASHERS,EA
214-5630,HRDWRE,1/4 LOCK WASHERS,EA
214-5635,HRDWRE,5/16 LOCK WASHERS,EA
214-5640,HRDWRE,3/8 LOCK WASHERS,EA
214-5650,HRDWRE,1/2 LOCK WASHERS,EA
214-5660,HRDWRE,5/8 LOCK WASHERS,EA
214-5673,HRDWRE,"7/8"" Flat Washer - SAE",EA
,,,
******,INSTL,INSTALLATION,
800-0130,INSTL,12 SONOTUBE,LF
800-2110,INSTL,"1 3/4""x1 3/4""x10' 14ga perforated post",EA
800-2111,INSTL,"2""x2""x3' 12 ga. perforated sleeve",EA
,,,
******,LAMPS, LAMPS,
306-0880,LAMPS,F18T12CW/HO LAMP,EA
306-0920,LAMPS,F24T12CW/HO LAMP,EA
306-0930,LAMPS,F24T12D/HO LAMP,EA
306-0950,LAMPS,F30T12CWHO,EA
306-0990,LAMPS,F36T12CW/HO LAMP,EA
306-1060,LAMPS,F42T12CW/HO LAMP,EA
306-1070,LAMPS,F42T12D/HO LAMP,EA
306-1080,LAMPS,F48T12CW/HO LAMP,EA
306-1100,LAMPS,F60T12CW/HO LAMP,EA
306-1110,LAMPS,F60T12D/HO LAMP,EA
306-1120,LAMPS,F64T12CW/HO LAMP,EA
306-1140,LAMPS,F72T12CW/HO LAMP,EA
306-1160,LAMPS,F72T12D/HO LAMP,EA
306-1180,LAMPS,F84T12CW/HO LAMP,EA
306-1190,LAMPS,F84T12D/HO LAMP,EA
306-1210,LAMPS,F96T12CW/HO LAMP,EA
306-1250,LAMPS,F108T12CW/HO LAMP,EA
306-1260,LAMPS,F108T12D/HO LAMP,EA
306-1270,LAMPS,F117T12CW/HO LAMP,EA
306-1280,LAMPS,F117T12D/HO LAMP,EA
306-1290,LAMPS,F120T12CW/HO LAMP/VOLTARC,EA
306-1300,LAMPS,F120T12D/HO LAMP,EA
306-1965,LAMPS,MH250 U LAMP,EA
306-1970,LAMPS,MH400 LAMP,EA
,,,
******,MFGSGN,MANUFACTURED SIGN,
221-0191,MFGSGN,CAT SCALE SPEAKER SIGN DOOR GUARD,EA
221-0192,MFGSGN,CAT SCALE SPEAKER SIGN PANEL,EA
,,,
******,NEON,NEON,
309-0110,NEON,12MM REGULAR ELECTRODE CAPS,EA
309-0120,NEON,15MM REGULAR ELECTRODE CAPS,EA
309-0140,NEON,"EC3 12, 13MM BLACK CAPS",EA
309-0683,NEON,15mm Short Stop - Black,EA
309-0770,NEON,1# TIE WIRE,LB
309-1916,NEON,"Westrim Glass Tube Support Aluminum w/ tie wire, silicone-dipped.",EA
309-1990,NEON,QUIK SUPPORT/PLASTIC,EA
,,,
******,PAINT,PAINT,
403-0101,PAINT,Grip Gard Base Coat White 110,OZ
403-0102,PAINT,GRIP Gard Base Coat Mixing Black 160,OZ
403-0103,PAINT,Grip Gard Base Coat High Strength (HS) White 120,OZ
403-0104,PAINT,GRIP Gard Base Coat Deep Black 140,OZ
403-0105,PAINT,Grip Gard Base Coat Assorted Colors,OZ
403-0106,PAINT,Grip Gard Base Coat Metallic Fine 811E,OZ
403-0107,PAINT,Grip Gard Base Coat Metallic Very Coarse 811R,OZ
404-0115,PAINT,Grip Gard Base Coat 90 Binder,OZ
404-0116,PAINT,GRIP GARD base coat binder 10,OZ
404-0195,PAINT,Clear Hardener (Universal) 563553,OZ
404-0196,PAINT,GRIP GARD PL Sup Top Plus 3.5 VOC 397479,OZ
404-0231,PAINT,Clear Gloss (Universal) 571430,OZ
404-0232,PAINT,Low Gloss Clear (Universal) 563426,OZ
404-0295,PAINT,GRIP GARD Base Coat Medium Reducer 391265,OZ
404-0297,PAINT,Grip Gard Surfacer Sealer Hardener GGSURESEALHARDQT 576880,OZ
404-0361,PAINT,Epoxy Hardener Grip-Gard 483100GL,OZ
404-0380,PAINT,White Wash Primer ,OZ
404-0382,PAINT,White Surfacer Sealer GGSURWHITEGL 545807,OZ
404-0390,PAINT,WAX & GREASE REMOVER M600,OZ
405-0145,PAINT,Jet Black Cote All / Rustoleum,OZ
407-0111,PAINT,S-375 aluminum cleaner,OZ
409-0140,PAINT,Lacquer Thinner,OZ
409-0165,PAINT,DuPont 3812/ACETONE,OZ
409-0230,PAINT,A-5055 THINNER (Green Barrel),OZ
,,,
******,TRANSF,TRANSFORMERS,
312-0100,TRANSF,TRANSFORMER BOXES,EA
312-0240,TRANSF,4000/60 SMART SERIES TRANS,EA
312-0260,TRANSF,4030P5G2 SMART SGFI NPF TRANS,EA
312-0350,TRANSF,5000/30 P5G2 SM SGFI NPF 30MA TRAN,EA
312-0650,TRANSF,9000/30 P5G2UE  TRAN,EA
312-0950,TRANSF,15000/30 P5G-2UE FRANCE TRAN,EA
312-1000,TRANSF,15060 P5G-2UE SERVICE MASTER TRAN,EA
312-1159,TRANSF,VT6030 CL120 Ventex Transformer,EA
312-1165,TRANSF,6030-120 TRAN Indoor Neon Pull-Chain,EA
312-1170,TRANSF,VT9030CL-120 CHANNEL LETTER TRAN,EA
312-1175,TRANSF,VT12030CL-120 CHANNEL LETTER TRANSFORMER,EA
312-1180,TRANSF,VT9030-120 INDOOR TRANSFORMER W/ PULL CHAIN,EA
312-1185,TRANSF,VT12030-120 INDOOR TRANSFORMER W/ PULL CHAIN,EA
,,,
******,VGRPH,VINYL GRAPHICS,
512-0190,VGRPH,Tri Foam Decal,EA
,,,
******,VHRDWE,VINYL HARDWARE,
511-0100,VHRDWE,"1"" 4949 VHB tape S-10146",LF
511-0105,VHRDWE,"3M™ 1/2"" 4910 Clear VHB tape",LF
511-0110,VHRDWE,"1"" 3M VHB ALL-PURPOSE TAPE - WHITE 4930",LF
511-0120,VHRDWE,"1/2"" 4930 VHB t ape S-10126",LF
511-0170,VHRDWE,12 X 18 X .080 ALUMINUM BLANKS,EA
511-0200,VHRDWE,12X18 HANIDICAP PARK STATE PER,EA
511-0270,VHRDWE,18 X 24 X .080 WHITE ALUM,EA
511-0500,VHRDWE,24 X 18 WHT CRPLST GOLF CART,EA
511-0620,VHRDWE,MAGNETIC SHEET .030,SF
,,,
******,VINYL,VINYL,
506-0130,VINYL,48 1772 YELLOW PAINT MASK,SF
506-0245,VINYL,"Oracal oralite 5600 brown 24""",SF
,,,
******,VREFL,REFLECTIVE VINYLS,
507-0110,VREFL,BLACK REF SCOTCHLITE,SF
507-0135,VREFL,Blue ElectroCut Film 3M 1175,SF
507-0160,VREFL,BLUE 680-75 SCOTCHLITE,SF
507-0230,VREFL,GREEN 680-77 SCOTCHLITE PLUS,SF
507-0290,VREFL,ORANGE REF SCOTCHLITE,SF
507-0345,VREFL,RED 24 REFLECTIVE VINYL Avery V4000-450,SF
507-0415,VREFL,WHITE REFLECTIVE VINYL V4000-101 24”,SF
507-0425,VREFL,"White 4090 DG3 Refl sheeting 11 48""",SF
507-0426,VREFL,"White 3930 High Intensity Prismatic (HIP) 48"" x 50yd roll",SF
507-0430,VREFL,WHITE SCOTCHLITE PLUS 680-10,SF
507-0455,VREFL,YELLOW 24 REFLECTIVE VINYL Avery V4000-250,SF
507-0485,VREFL,YELLOW REF SCOTCHLIT 680-71,SF
,,,
******,VSCTCL,SCOTCHCAL VINYLS,
508-0130,VSCTCL,BEIGE (7725-49) SCOTCHCAL 24,SF
508-0200,VSCTCL,BEIGE SCOTCHCAL 48,SF
508-0230,VSCTCL,"BLACK 7725-12 VINYL 30""",SF
508-0330,VSCTCL,"BLACK GLOSS 3M 7725-12 48""",SF
508-0660,VSCTCL,BLUE LIGHT NAVY SCOTCHCAL 30,SF
508-0670,VSCTCL,BLUE LIGHT NAVY SCOTCHCAL 48,SF
508-0740,VSCTCL,BLUE OLYMPIC SCOTCHCAL 24,SF
508-0880,VSCTCL,BLUE SAPPHIRE SCOTCHCAL 48,SF
508-0990,VSCTCL,BLUE VIVID SCOTCHCAL 48,SF
508-1090,VSCTCL,"BROWN RUSSET H.P. VINYL 48""",LF
508-1240,VSCTCL,CHROME MATERIAL 24,SF
508-1370,VSCTCL,"7725-314 DUSTED CRYSTAL VINYL 48""",SF
508-1405,VSCTCL,"#7725-324 FROSTED CRYSTAL VINYL 48""",SF
508-1410,VSCTCL,DARK AQUA VINYL 30,SF
508-1575,VSCTCL,"Harvest Gold 48"" 3M 7725-105",SF
508-1750,VSCTCL,GRAY MEDIUM SCOTCHCAL 48,SF
508-1755,VSCTCL,"Mid Grey 7725-61 48""",SF
508-1790,VSCTCL,GREEN BTLE SCOTCH 48 7725-276,SF
508-1870,VSCTCL,GREEN BRIGHT SCOTCHCAL 48,SF
508-1990,VSCTCL,GREEN FRST 7725-66 SCOTCHCAL48,SF
508-2070,VSCTCL,GREEN KEL(7725-46) SCOTCH 48,SF
508-2390,VSCTCL,MAHOGANY SCOTCHCAL MAT'RL 48,SF
508-2470,VSCTCL,ORANGE BRIGHT SCOTCHCAL 48,SF
508-2530,VSCTCL,ORANGE LIGHT 30 SCOTCHCAL,SF
508-2610,VSCTCL,PEACOCK SCOTCHCAL 24,SF
508-2740,VSCTCL,PURPLE VINYL 48,SF
508-2750,VSCTCL,"PUTTY OPAQUE 7725-59 48"" ",SF
508-2985,VSCTCL,GERANIUM 180MC-63-4810,SF
508-3060,VSCTCL,RED PERFECT MATCH VINYL 48,SF
508-3140,VSCTCL,RED TOMATOSCOTCHCAL 48,SF
508-3370,VSCTCL,TAN H.P. VINYL 30,SF
508-3590,VSCTCL,"WHITE ANTIQUE VINYL 7725-90 48""",SF
508-3620,VSCTCL,WHITE CONTROLTAC 160-80,SF
508-3690,VSCTCL,"7725-10 WHITE OPAQUE 48""",SF
508-3695,VSCTCL,"WHITE CONTROLTAC 180MC-10-4810 48""",SF
508-3720,VSCTCL,YELLOW BRIGHT SCOTCHC 48,SF
,,,
******,VTRANS,TRANSLUCENT VINYL,
508-3557,VTRANS,"Oracal GLOSS BLACK VINYL 48"" 951 premium cast film",SF
510-0110,VTRANS,BLACK TRANS 3630-22 VINYL 48,SF
510-0115,VTRANS,"Black 1178 Electrocut overlay 48""",SF
510-0140,VTRANS,BLUE 3630-36 TRANS VINYL 48,SF
510-0160,VTRANS,BLUE BRISTOL TRANS VINYL 48,SF
510-0230,VTRANS,BLUE EVENING TRANS VINYL 48,SF
510-0240,VTRANS,BLUE INT TRANS SCOTCH 48,SF
510-0260,VTRANS,BLUE OLYMPIC TRANS SCOTHCAL 48,SF
510-0270,VTRANS,BLUE PROCESS TRANS SCOTCH 48,SF
510-0280,VTRANS,BLUE ROYAL TRANS SCOTCHCAL 48,SF
510-0300,VTRANS,BLUE SULTAN TRANS S'CAL 48,SF
510-0321,VTRANS,BRIGHT BLUE 3630-167 TRANS VINYL 48,SF
510-0322,VTRANS,BRIGHT Violet  3630-158 TRANS VINYL 48,SF
510-0330,VTRANS,BRONZE DURANODIC TRAN 48,SF
510-0350,VTRANS,BROWN DARK TRANS 3630-59 48,SF
510-0410,VTRANS,BROWN RUST TRANS 3630-63 48,SF
510-0450,VTRANS,"BURGUNDY TRAN 3630-49 48""",SF
510-0560,VTRANS,GOLD METALLIC TRAN VINYL 48,SF
510-0590,VTRANS,GOLD NUGGET TRAN VINYL 48,SF
510-0630,VTRANS,GREEN BRILLIANT TRAN 48,SF
510-0640,VTRANS,GREEN DK EMRLD TR 3630-126 48,SF
510-0645,VTRANS,"Green 1177 Electrocut overlay 48""",SF
510-0660,VTRANS,GREEN HOLLY TRANS VINYL 48,SF
510-0720,VTRANS,GREEN LT KELLY TR 3630-146 48,SF
510-0750,VTRANS,GREEN TEAL TRANS VINYL 48,SF
510-0760,VTRANS,GREEN TRANS VINYL 48 3630-26,SF
510-0800,VTRANS,GREEN VIVID TRANS VINYL 48,SF
510-0875,VTRANS,"Day/Night Smoke Grey 48"" 3635-91",SF
510-0876,VTRANS,"Dual Color Black 48"" 3635-222",SF
510-0890,VTRANS,IVORY TRANS SCOTCHCAL 48,SF
510-0955,VTRANS,"Poppy Orange 48"" trans 3M 3630-144",SF
510-0960,VTRANS,MAGENTA INTENSE TRANS 48,SF
510-0990,VTRANS,MARIGOLD TRAN SCOTCHCAL 48,SF
510-1050,VTRANS,"ORANGE TRANS 3630-44 SCOTCHCAL 48""",SF
510-1150,VTRANS,PLUM PURPLE TRANS VINYL 3630-128 48,SF
510-1185,VTRANS,RASPBERRY TRANS VINYL HP 48,SF
510-1190,VTRANS,3630-33 RED TRANS VINYL,SF
510-1195,VTRANS,"Red 1172 Electrocut overlay 24""",SF
510-1260,VTRANS,RED DK TRAN 3630-73 SCOTL 48,SF
510-1300,VTRANS,RED LIGHT TOMATO TRAN 48,SF
510-1320,VTRANS,RED POPPY TRAN SCOTCHCAL 48,SF
510-1340,VTRANS,RED REGAL TRAN SCOTCHCAL 48,SF
510-1350,VTRANS,RED SCARLET TRAN VINYL 30,SF
510-1410,VTRANS,ROSE MAUVE TRAN SCOTCHCL 48,SF
510-1470,VTRANS,SILVER GREY TRAN VINYL 48,SF
510-1510,VTRANS,SILVER TRAN VINYL 48,SF
510-1540,VTRANS,SUNFLOWER TRANS 3630-25 VINYL,SF
510-1570,VTRANS,TANGERINE TRAN SCOTCHCAL 48,SF
510-1590,VTRANS,TEAL TRAN VINYL 48,SF
510-1650,VTRANS,TURQUOISE TRANS. 3630-236 48,SF
510-1840,VTRANS,"WHITE DIFFUSER VINYL FILM 40% 3635-30 48""",SF
510-1860,VTRANS,WHITE TRANSLUCENT #3630-20 ,SF
510-1890,VTRANS,YELLOW GOLD 3630-125 TRANS 48,SF
510-1895,VTRANS,Light Lemon Yellow 3630-115 TRANS 48,SF
510-1905,VTRANS,"Yellow 1171 Electrocut overlay 48""",SF
510-1930,VTRANS,YELLOW TRAN SCOTCHC 48,SF
