Part Number,Short Description,Inventory Type,Inventory UOM,Purchase UOM,On Hand,Unit Cost,List Price,Accounting Cost,User 1 Cost,User 2 Cost,Last Actual Cost,Average Cost
201-0100,406/19 LORD PAK ADHESIVE,FADHES,TUBE,TUBE,-1,74.07,129.6225,74.07,26.435,0,74.07,74.07
201-0112,Lord Adhesive 7550,FADHES,TUBE,TUBE,2,29.85,52.2375,29.85,12.2,0,29.85,22.24
201-0130,3M ADHESIVE REMOVER #08984,FADHES,OZ,QT,45,0.47594,0.8329,0.4759,0.26,0,0.4759,0.2746
201-0170,BROWN CAULKING,FADHES,TUBE,TUBE,-2,2.47,4.32,2.47,2.47,0,0,0
201-0180,NP-I DARK BRONZE CAULKING,FADHES,TUBE,TUBE,-40,3.3275,5.82,3.3275,3.3275,0,0,0
201-0190,GRAY CAULKING,FADHES,TUBE,TUBE,-40,3.5933,6.45,3.5933,3.5933,0,0,0
201-0275,40 YR SILICONE ACRYLIC LATEX WHITE CAULK ,FADHES,TUBE,TUBE,36,1.5624,2.7342,1.5624,1.39,0,3.1012,3.3036
201-0280,25 YR WHITE CAULKING,FADHES,TUBE,TUBE,-1,2.2388,9.34,2.2388,2.2388,0,1.2928,1.9191
201-0285,#3 WELD ON PLASTIC CEMENT,FADHES,OZ,GL,512,0.96234,1.6841,0.9623,0.27,0,0.6185,0.9228
201-0290,#16 WELD ON PLASTIC CEMENT ,FADHES,OZ,GL,212,0.70492,1.23361,0.7049,2.5125,0,0.7312,0.7049
201-0294,#58 WELD ON PLASTIC CEMENT ,FADHES,OZ,OZ,-8,0.70492,1.2336,0.7049,0,0,0,0
201-0330,SCS1001 GE CLEAR SILICONE,FADHES,TUBE,TUBE,27,2.9808,8.22,2.9808,2.9808,0,8.6456,18.0389
201-0340,81911 CLEAR SILICONE,FADHES,TUBE,TUBE,-90,3.7983,8.66,3.7983,3.7983,0,9.6086,9.6083
202-0100,"3"" ALUMINUM GUSSETS",FALEXT,EA,EA,12,2.0679,3.61883,2.0679,1.4,0,0.8839,0
202-0140,TYPE II BACK ADAPTER - 26',FALEXT,FT,PC,76,0.69,1.3125,0.69,0.69,0,1.09,0.69
202-0150,BLEED TRIM ABC Extr.- 26',FALEXT,FT,PC,-28,1.04,2.03,1.04,0.65,0,1.9231,1.04
202-0160,ABC CONE CUPS,FALEXT,EA,EA,-6,1.4,2.45,1.4,1.4,0,0,0
202-0185,"1-1/2"" CONVENTIONAL DIVIDER BAR - 26'",FALEXT,LF,PC,167,2.26,3.955,2.26,0,0,2.09,2.2482
202-0190,"1-3/4"" SMALL DIVIDER BAR - 26'",FALEXT,FT,PC,222,2.81,4.9175,2.81,2.36,0,4.6826,2.6608
202-0220,ABC FLEXIBLE FACE TENSIONERS - 500/BOX,FALEXT,EA,BX,3134,0.991,1.925,0.991,0.75,0,0.9117,1.0135
202-0250,TYPE IV END FRAME ABC- 26',FALEXT,FT,PC,116,2.31,4.445,2.31,1.97,0,2.52,2.31
202-0270,"LARGE ""A"" BLEEDFRAME ABC- 26'",FALEXT,FT,PC,26,11.7,22.7675,11.7,8.17,0,11.79,11.7
202-0340,THRIF-T FRAME,FALEXT,FT,PC,276,5.15,9.0125,5.15,3.31,0,4.86,4.4247
202-0350,"12"" CONVENTIONAL FRAME - 26'",FALEXT,FT,PC,126,10.71,18.7425,10.71,5.97,0,10.02,9.0232
202-0360,TYPE I FRAME (10)- 26',FALEXT,FT,PC,261,7.15,12.5125,7.15,4.95,0,7.15,6.9672
202-0370,TYPE II FRAME - 26',FALEXT,FT,PC,260,6.54,11.445,6.54,4.17,0,6.54,4.5
202-0380,TYPE I WIDE FAB FRAME (EI) - 26',FALEXT,FT,PC,504,3.21,5.6175,3.21,1.464,0,3,2.689
202-0385,Type III End Frame - 26',FALEXT,FT,PC,114,4.97,8.6975,4.97,2.6,0,4.97,3.41
202-0387,Type III Unit Frame - 26',FALEXT,FT,PC,104,6.38,11.165,6.38,3.35,0,6.38,4.4
202-0390,TYPE IV UNIT FRAME - 26',FALEXT,FT,PC,137,4.54,7.945,4.54,2.66,0,6.6292,4.198
202-0420,"1/8"" X 1/2"" X 50' GASKET TAPE ",FALEXT,FT,FT,2324,0.1,1.6275,0.1,0.12,0,0.1264,0.1014
202-0425,"1/8"" X 1 1/2""  GASKET TAPE ",FALEXT,FT,RL,2250,0.26,0.455,0.26,0,0,0.4407,0.3864
202-0431,"LARGE ""A"" Z-BRACKET",FALEXT,EA,EA,69,3.95,6.9125,3.95,3.95,0,5.39,3.95
202-0490,KEYED BARREL CAM LOCKS/ABC,FALEXT,EA,EA,4,9.25,16.1875,9.25,8.5,0,11,9.242
202-0500,"8"" ANGLE IRON BRACKETS - LAF IRONS",FALEXT,EA,EA,13,5.5371,9.68991,5.5371,2.04,0,4.515,0
202-0510,"LARGE ""A"" FLEXFRAME - 26'",FALEXT,FT,PC,1464,11.72,21.35,11.72,8.29,0,11.72,11.7234
202-0530,"LARGE ""A"" BACK ADAPTER - 26'",FALEXT,FT,PC,119,1.4,2.7125,1.4,1.33,0,0,0
202-0540,C-COVER CORNER FLASHING - L/A SCABS,FALEXT,EA,EA,-10,1.17,2.05,1.17,1.17,0,1.1371,0
202-0560,"LARGE ""A"" SPREADER BARS (Frame Support)",FALEXT,EA,EA,49,1.5872,2.77751,1.5872,0.58,0,1.3775,0
202-0570,"LG ""A"" BLEEDFRAME COVER ABC 26'",FALEXT,FT,PC,26,5.01,9.7475,5.01,3.49,0,5.05,5.01
202-0580,"LARGE ""A"" C-COVER ABC- 26'",FALEXT,FT,PC,2096,4.99,9.52,4.99,3.53,0,4.99,5.0074
202-0610,"2-1/2"" FLAT RETAINER ABC- 26'",FALEXT,FT,PC,2913,2.15,3.7625,2.15,1.46,0,2.07,2.15
202-0620,TYPE III FLAT RETAINER ABC,FALEXT,FT,FT,588,1,1.855,1,0.68,0,1,1.0376
202-0680,2 TYPE I FLAT RETAINER - 26',FALEXT,LF,PC,639,1.58,2.765,1.58,1.02,0,1.47,1.5799
202-0690,2 LG E-Z RETAINER - 26',FALEXT,LF,PC,84,2.01,3.5175,2.01,1.3,0,1.88,1.8684
202-0710,TYPE IV RETAINER - 26',FALEXT,LF,PC,239,0.71,1.2425,0.71,0.43,0,0.71,0.5
202-0820,"SMALL ""A"" FLEX COVER ABC- 26'",FALEXT,FT,PC,40,1.72,3.01,1.72,1.63,0,4.2792,1.6894
202-0830,"SMALL ""A"" FLEX FRAME ABC- 26'",FALEXT,FT,PC,26,7.06,12.355,7.06,6.7,0,12.0492,6.974
202-0860,"SMALL ""A"" SPREADER BARS",FALEXT,EA,EA,-40,0.22,0.39,0.22,0.22,0,0,0
202-0861,Post & Panel Retainer,FALEXT,EA,PC,11,0.48,0.84,0.48,0,0,0.53,0.48
202-0864,"3 1/4"" half round post - 25' pieces",FALEXT,LF,PC,52,4.49,7.8575,4.49,0,0,4.84,3.37
202-0865,"5"" Half Round Post ABC part #1004-RDP",FALEXT,LF,LF,6,6.47,11.3225,6.47,0,0,6.7308,5.83
202-0866,"1"" Reveal - Post & Panel ABC part #1040-R1",FALEXT,LF,LF,42,2.25,3.9375,2.25,0,0,2.4039,1.7741
202-0867,Post & Panel Mono Frame - 25' pieces,FALEXT,LF,PC,67,3.61,6.3175,3.61,0,0,3.9,3.61
202-0868,Post & Panel end frame - 25' pieces,FALEXT,LF,PC,20,2.61,4.5675,2.61,0,0,2.82,2.61
202-0920,LARGE BLEED TRIM ABC- 26',FALEXT,FT,PC,26,0.98,1.89,0.98,0.68,0,0.98,0.98
202-0941,"1 3/8"" H-style Divider Bar",FALEXT,FT,PC,206,3.01,5.2675,3.01,0,0,2.5151,2.901
202-1110,AWNING TRIM CAP - MILLIKEN 350' per box,FAWN,FT,FT,1914,0.6772,1.421,0.6772,0.2011,0,0.7789,0.449
202-1120,"1"" X 1"" STANDARD WALL W/DBL 1"" FLANGES - 24'",FAWN,FT,PC,58,1.0498,1.3,1.0498,1.0498,0,1.546,1.0498
202-1130,MI-6 AWNING Z CLIPS,FAWN,EA,EA,200,0.95,1.6625,0.95,0.8693,0,0.8927,0.9489
202-1140,"MP1A 1"" X 1"" STD WALL STAPLE-IN - 24'",FAWN,FT,PC,220,1.1586,2.02755,1.1586,1.1679,0,1.1604,1.1586
202-1160,"MP2B 1"" X 1"" STD. WALL/1FLNG STPLN",FAWN,FT,PC,283,1.236,1.51,1.236,1.236,0,1.4583,1.236
202-1170,GALVANIZED STAPLES,FAWN,EA,BX,8300,0.00451,0.02,0.0045,0.003,0,0.0025,0.0045
202-1235,EXCELLART MC RETAINER - H STYLE,FALEXT,FT,PC,82,2.49838,4.37217,2.4984,0,0,1.3698,2.2392
202-1261,Raceway Spreader LC5972N-8,FALEXT,EA,EA,602,1.77,3.0975,1.77,0,0,1.73,1.77
202-1263,"LCB1970N narrow 5"" channel letter raceway and cover",FALEXT,FT,EA,312,11.5225,20.1644,11.5225,0,0,12.6217,12.937
202-1265,"7"" EXCELLART CHANNEL LETTER RACEWAY - 13' ",FALEXT,FT,PC,109,9.21,17.4475,9.21,9.56,0,19.2308,19.2308
202-1266,"Excellart 7"" RACEWAY ENDCAP ",FALEXT,EA,EA,53,10.97,19.1975,10.97,0,0,10.97,10.97
202-1267,"Excellart 2"" mounting bracket",FALEXT,EA,EA,106,1.98,3.465,1.98,0,0,1.98,1.98
202-1270,RACEWAY SPREADER BARS,FALEXT,EA,EA,-16,2.69,4.71,2.69,2.69,0,0,0
202-1295,"7"" EXCELLART CHANNEL LETTER RACEWAY COVER 13'",FALEXT,FT,PC,109,2.26,4.2875,2.26,2.35,0,11.4815,11.4815
202-1310,MOUNTING CLIPS,FALEXT,EA,EA,-1,1.71,2.9925,1.71,0.37,0,1.71,1.53
202-1320,"5"" X 7"" HAND HOLE COVER",FALEXT,EA,EA,-25,1.8713,3.27469,1.8713,0.58,0,0.9794,0
202-1330,"6"" X 7"" X .032"" HAND HOLE COVER",FALEXT,EA,EA,-78,1.5653,2.73919,1.5653,0.43,0,1.6974,0
202-1400,Large Channel Extrusion 10',FALEXT,FT,PC,5,17.6745,30.93038,17.6745,0,0,17.6745,17.6745
203-0110,"1"" X 1"" X 3/16"" ALUM ANGLE - 25'",FALUM,FT,PC,168,1.38,2.415,1.38,0.8308,0,1.38,0.8308
203-0130,"1-1/2"" X 1-1/2"" X 3/16"" ALUM ANGLE ",FALUM,LF,LF,45,2.21,3.8675,2.21,1.3896,0,2.21,1.3896
203-0140,"2"" X 2"" X 1/8"" ALUM ANGLE - 25'",FALUM,FT,PC,2,1.7568,3.0744,1.7568,1.2938,0,1.7568,1.2938
203-0150,"2"" X 2"" X 3/16"" ALUM ANGLE - 25'",FALUM,FT,PC,750,2.8476,6.5744,2.8476,1.9596,0,2.8476,2.8874
203-0160,"2"" X 2"" X 1/4"" ALUM ANGLE - 25'",FALUM,FT,PC,163,3.7188,6.5079,3.7188,1.4763,0,3.7188,2.28
203-0215,"3"" X 4"" X 1/4"" ALUM ANGLE - 25'",FALUM,FT,PC,25,7.3,12.775,7.3,0,0,7.3,3.8612
203-0260,"3/8"" ROUND ALUM ROD - 12'",FALUM,FT,PC,-6,0.4667,0.82,0.4667,0.4667,0,0.3142,0.4667
203-0298,"3/4"" X 1.5"" x .125"" rectangle ALUM TUBE - 21'-1""",FALUM,FT,PC,44,4.7154,8.25195,4.7154,0,0,4.6804,4.2831
203-0310,"1"" X 1"" X 1/8"" ALUM TUBE ",FALUM,LF,LF,591,1.86295,4.17162,1.863,0.85,0,1.863,1.8667
203-0320,"1-1/4"" X 1-1/4"" X 1/8"" ALUM TUBE  21'1""",FALUM,FT,PC,129,2.10619,3.68583,2.1062,1.1935,0,2.3824,2.0209
203-0330,"1-1/2"" X 1-1/2"" X 1/8"" ALUM TUBE  21'1""",FALUM,FT,PC,184,5.998,10.4965,5.998,1.9561,0,2.8427,1.9638
203-0340,"2"" X 1"" X 1/8"" ALUM TUBE ",FALUM,FT,FT,13,2.35437,4.12015,2.3544,2.0142,0,2.3593,2.0786
203-0360,"2"" X 2"" X 1/8"" ALUM TUBE ",FALUM,LF,LF,26,3.66,8.54067,3.66,2.6727,0,3.6645,4.8804
203-0365,"2"" X 3"" X 1/8"" ALUMINUM TUBE - 21' 1""",FALUM,FT,PC,62,5.17476,9.05583,5.1748,0,0,5.04,4.7796
203-0375,"2"" X 2"" X 1/4"" ALUMINUM TUBE - 25'",FALUM,LF,EA,80,4.7315,8.28013,4.7315,0,0,4.5408,4.7315
203-0430,"3"" X 3"" X 1/8"" ALUM TUBE",FALUM,LF,LF,25,5.58214,9.76875,5.5821,3.1319,0,5.6024,5.5627
203-0495,"1/4"" X 12"" ALUMINUM FLAT - 12'",FALUM,FT,PC,-2,7.95833,21.875,7.9583,12.5,0,8.1275,7.9583
203-0500,"1/4"" X 2"" ALUM FLAT ",FALUM,LF,LF,182,2.14,4.55,2.14,1.44,0,2.04,2.1402
203-0510,"1/4"" X 3"" ALUM FLAT ",FALUM,LF,LF,-38,2.2825,3.99438,2.2825,1.97,0,3.17,2.2825
204-0141,".090"" ALUM SHEET 5052",FALUM,SF,SF,40,4.28,7.7875,4.28,1.3312,0,4.28,4.3634
204-0144,.100 5052 aluminum no sheet size,FALUM,SF,SF,102,4.86,9.52,4.86,0,0,4.86,4.7524
204-0151,".125"" ALUM SHEET - 4' X 10'",FALUM,SF,SH,-6,3.7406,6.29,3.7406,3.7406,0,4.5773,3.7406
204-0155,.125 ALUMINUM 5052,FALUM,SF,SF,-213,7.23,12.6525,7.23,0,0,7.23,6.8744
204-0162,".250"" ALUM SHEET 5052 -no sheet size-sq. ft.",FALUM,SF,SF,54,11.33,19.8275,11.33,6.0206,0,11.33,9.2038
204-0183,".500"" ALUM SHEET - 4' X 12'",FALUM,SF,SH,120,25.53,44.6775,25.53,15.625,0,25.53,15.625
205-0111,".040"" BLACK/WHITE ALUM VM ",FALUM,SF,SF,185,2.9425,5.14938,2.9425,1.43,0,2.2408,2.9425
205-0113,.040 Ivy Green/White aluminum,FALUM,SF,SF,248,1.27031,2.223,1.2703,0,0,1.7,27.9827
205-0180,".040"" WHITE/WHITE ALUMINUM ",FALUM,SF,SF,982,2.36,4.13,2.36,1.3843,0,1.925,2.5555
205-0181,".040"" WHITE ALUM W/PVC COATING",FALUM,SF,SF,-110,2.6,4.55,2.6,1.3838,0,0,0
205-0201,".050"" WHITE/MILL ALUM 5052 ",FALUM,SF,SF,196,3.28708,5.75239,3.2871,1.76,0,2.9502,2.5964
205-0211,".063"" WHITE/WHITE ALUM ",FALUM,SF,SF,615,3.14,8.42286,3.14,2.1088,0,3.14,3.5155
205-0212,".063"" Texaco Red/WHITE ALUM ",FALUM,SF,SF,440,5.18852,9.07991,5.1885,0,0,5.1885,4.57
205-0221,".063"" MILL ALUMINUM 5052 ",FALUM,SF,SF,210,2.6,4.55,2.6,2.19,0,3.1,2.6
205-0253,".080"" WHITE/WHITE 4x10 sheets",FALUM,SF,SH,-298,6.499,11.37325,6.499,0,0,6.4999,2.41
205-0256,".080"" ALUMINUM 5052",FALUM,SF,SF,596,3.97,6.9475,3.97,2.3458,0,3.41,3.8379
206-0100,3MM White/White Maxmetal Lite,FALUM,SF,SF,64,1.10781,1.93867,1.1078,3.0762,0,1.6097,1.1078
206-0110,6MM white/white maxmetal 6mm,FALUM,SF,SF,-92,2.5768,4.5094,2.5768,2.3985,0,2.8906,2.5769
206-0160,3MM WHITE 1S D-LITE  - 4' X 8',FALUM,SF,SH,72,3.6378,6.36615,3.6378,2.357,0,4.2159,3.6378
206-0221,6MM WHITE 2S ALUMALITE - 4' X 10',FALUM,SF,SH,-40,2.5103,4.39,2.5103,2.5103,0,0,0
208-0101,"1"" BLACK JEWELITE TRIMCAP - 150'/RL",FCHANN,LF,RL,-268,0.33333,0.58333,0.3333,0.3276,0,0.3331,0.444
208-0110,"2"" BLACK JEWELITE TRIMCAP - 10'",FCHANN,LF,PC,2,0.852,1.491,0.852,0.6048,0,0.931,0.8187
208-0121,"1"" BLUE JEWELITE TRIMCAP - 150'",FCHANN,LF,RL,11,0.43367,0.75892,0.4337,0.3276,0,0.4843,0.4337
208-0125,"1"" LIGHT BLUE JEWELITE TRIMCAP - 10'",FCHANN,FT,PC,75,0.3276,0.5733,0.3276,0,0,6.379,0
208-0130,"2"" BLUE JEWELITE TRIMCAP - 10'",FCHANN,LF,PC,30,0.6048,1.33,0.6048,0.6048,0,0.8516,0.6048
208-0141,"1"" BRONZE JEWELITE TRIMCAP - 150'/RL",FCHANN,LF,RL,190,0.5386,0.94255,0.5386,0.3276,0,0.5386,0.4333
208-0150,"2"" BRONZE JEWELITE TRIMCAP 100' roll",FCHANN,LF,RL,25,0.8169,1.43,0.8169,0.8169,0,0.6541,0.8169
208-0185,"1"" CHROME JEWELITE TRIMCAP - 150'/RL",FCHANN,LF,RL,200,0.38267,0.6697,0.3827,0,0,0.4029,0.3827
208-0191,"1"" BRUSHED CHROME JEWELITE TRIMCAP - 150'/RL",FCHANN,LF,RL,42,0.464,0.812,0.464,0.3276,0,0.464,0.4045
208-0211,"1"" GOLD JEWELITE TRIMCAP - 150'/RL",FCHANN,LF,RL,23,0.45033,0.78808,0.4503,0.353,0,0.4117,0.4503
208-0214,"1"" GREY TRANSCO JEWELITE TRIMCAP - 10'",FCHANN,FT,PC,189,0.29413,,0.2941,0.2941,0,0,0
208-0220,"2"" GOLD JEWELITE TRIMCAP - 10'",FCHANN,LF,PC,50,0.6174,0.99,0.6174,0.6174,0,0,0
208-0231,"1"" GREEN JEWELITE TRIMCAP - 150'/RL",FCHANN,LF,RL,414,0.44,0.77,0.44,0.3276,0,0.4091,0.44
208-0235,"1"" HUNTER GREEN #2162 GEMTRIM TRIMCAP - 150'/RL",FCHANN,LF,RL,281,0.49349,0.86361,0.4935,0.4935,0,0.5435,0.4912
208-0240,"2"" GREEN JEWELITE TRIMCAP - 10'",FCHANN,LF,PC,196,0.605,1.06,0.605,0.605,0,0,0
208-0251,"1"" IVORY JEWELITE TRIMCAP - 150'/RL",FCHANN,LF,RL,118,0.3528,0.62,0.3528,0.3528,0,0.4163,0.3528
208-0261,"1"" ORANGE JEWELITE TRIMCAP - 150'/RL",FCHANN,LF,RL,85,0.1667,0.29,0.1667,0.1667,0,0.4292,0.1471
208-0265,"1"" PURPLE #2287 GEMTRIM TRIMCAP - 150'/RL",FCHANN,FT,RL,90,0.312,0.546,0.312,0.288,0,0.4573,0.312
208-0271,"1"" RED JEWELITE TRIMCAP - 150'/RL",FCHANN,LF,RL,129,0.44,0.77,0.44,0.3276,0,0.3331,0.44
208-0280,"2"" RED JEWELITE TRIMCAP - 10'",FCHANN,LF,PC,20,0.6048,1.06,0.6048,0.6048,0,0.8522,0.4965
208-0291,1 SILVER JEWELITE TRIM,FCHANN,LF,RL,-186,0.4122,0.72135,0.4122,0.3125,0,0.4386,0.4122
208-0295,"3/4"" WHITE JEWELITE TRIM",FCHANN,LF,RL,285,0.43,0.7525,0.43,0,0,0.3066,0.43
208-0300,1 WHITE JEWELITE TRIM,FCHANN,LF,PC,-50,0.3276,0.57,0.3276,0.3276,0,0,0
208-0301,1 WHITE JEWELITE TRIM,FCHANN,LF,RL,44,0.43,0.7525,0.43,0.3276,0,0.3431,0.43
208-0305,1 YELLOW JEWELITE TRIM,FCHANN,FT,RL,100,0.56,0.98,0.56,0.56,0,0.4843,0.56
208-0310,2 WHITE JEWELITE TRIM,FCHANN,LF,PC,24,0.6048,1.06,0.6048,0.6048,0,0.8033,0.5619
208-0320,1-1/2 X .063 COIL STOCK,FCHANN,LF,LF,178,0.33,0.58,0.33,0.33,0,172,0
208-0345,3.3 x .040 Mil3 Finish Letter Coil,FCHANN,LF,RL,28,0.87626,1.53346,0.8763,0,0,0.8823,0.8573
208-0350,3 X .063 MILL FINISH COIL,FCHANN,LF,LF,78,0.61,1.07,0.61,0.61,0,0.5693,0.61
208-0360,3 X .063 MILL LETTER COIL,FCHANN,LF,RL,-8,1.27593,2.23288,1.2759,0.854,0,1.2759,1.1917
208-0380,5 X .063 MILL FINISH COIL,FCHANN,LF,RL,270,1.26396,2.61,1.264,1.49,0,1.264,0.8054
208-0395,5.3 X .040 BLACK/WHITE COIL,FCHANN,FT,RL,-92,0.70456,1.33978,0.7046,0.6936,0,1.286,1.2618
208-0396,"3.5"" X .040 BLACK/WHITE COIL",FCHANN,FT,RL,102,0.6839,1.90783,0.6839,0,0,0.6037,0.6839
208-0400,5.3 X .040 BRUSHED ALUM COIL,FCHANN,LF,RL,130,2.93007,5.12762,2.9301,1.62,0,2.9301,1.62
208-0420,5.3 BLACK/WHITE LETTER COIL,FCHANN,LF,RL,20,0.6937,1.21398,0.6937,0.6726,0,0.556,0.6937
208-0436,"3.5"" white channel letter coil",FCHANN,LF,RL,646,1.15019,2.01283,1.1502,0,0,1.0788,1.1502
208-0465,5.3 X .063 Texaco Red/WHITE COIL,FCHANN,LF,RL,15,0.80329,1.4058,0.8033,0,0,1.0926,0.8033
208-0470,5.3 RED/WHITE LETTER COIL,FCHANN,LF,RL,80,0.8774,1.24,0.8774,0.8774,0,0.7525,0.8771
208-0510,8 X .063 MILL FINISH COIL,FCHANN,LF,RL,270,1.52,2.66,1.52,1.52,0,0,0
209-0145,CBL16 INTENSE BLUE COOLEY BRITE,FFABRC,SF,LYD,76,3.2015,5.6026,3.2015,0,0,2.6826,3.2015
209-0360,"WHITE COOLEY BRITE 6'6""",FFABRC,SF,LYD,226,1.33,,1.33,0.966,0,1.3868,1.333
209-0380,Cooley Brite II / 2037 Yellow,FFABRC,SF,RL,1543,3.3291,5.82593,3.3291,1.68,0,3.3288,3.3285
209-0420,COOLEY MAGIC/REMOVER,FFABRC,OZ,GL,200,0.595,1.04125,0.595,0.28,0,0.5202,0.5189
209-0460,FLEX FACE CLIPS,FFABRC,EA,EA,344,1.57,2.7475,1.57,1.3288,0,1.01,1.57
209-0467,"3M Panaflex 945GPS White 80"" x 50yd. rolls",FFABRC,SF,RL,812,1.79,3.1325,1.79,0,0,1.904,1.79
210-0180,CAT SCALE GUARANTEE FACE,FFACE,EA,EA,76,55.0406,96.32098,55.0406,27.9783,0,56.7557,22.2642
210-0190,CAT SCALE INSTRUCTION FACE,FFACE,EA,EA,41,43.4306,76.00348,43.4306,20.3056,0,50.5395,21.4102
212-0240,3/8 NYLON W/CABLE CNTR NWCH12,FFLAG,LF,LF,340,0.76118,1.14177,0.7612,0.42,0,0.7612,0.5171
213-0200,3 ROUND LOUVERED VENTS,FMISC,EA,EA,75,1.14,1.995,1.14,0,0,0,0
214-0100,BLUE ANCHORS,HRDWRE,EA,EA,50,0.0214,0.06,0.0214,0.0214,0,0,0
214-0420,1/4 X 1 BOLT,HRDWRE,EA,EA,761,0.025,0.06,0.025,0.0179,0,0.0292,0.0244
214-0480,1/4 X 2-1/2 BOLTS,HRDWRE,EA,EA,20,0.1605,0.08,0.1605,0.1605,0,0,0
214-0492,"1/4"" x 3/4"" THMS Phillips",HRDWRE,EA,EA,414,0.0315,0.05513,0.0315,0,0,0.0248,0.0315
214-0500,1/4 X 3 BOLT,HRDWRE,EA,EA,28,0.0942,0.2,0.0942,0.0942,0,0.0942,0.005
214-0570,5/16 X 1 BOLT,HRDWRE,EA,EA,1634,0.0202,0.04,0.0202,0.0202,0,0.045,0.0049
214-0620,3/8 X 1 HEX BOLT,HRDWRE,EA,EA,701,0.10226,0.17896,0.1023,0.0519,0,0.108,0.101
214-0630,3/8 X 1-1/2 HEX BOLT,HRDWRE,EA,EA,24,0.0496,0.11,0.0496,0.0496,0,0,0
214-0710,3/8 X 4-1/2 CARRIAGE BLT,HRDWRE,EA,EA,-24,1.05,1.8375,1.05,0,0,0,0
214-0760,1/2 X 1 HEX BOLT,HRDWRE,EA,EA,70,0.14,0.245,0.14,0.0672,0,0.14,0.1399
214-0765,"1/2"" x 1 1/4"" x 13 HHMS",HRDWRE,EA,EA,1204,0.22939,0.40143,0.2294,0.2642,0,0.2384,0.2291
214-0830,1/2 X 3-1/2 BOLT,HRDWRE,EA,EA,4,1.65,1.6,1.65,1.65,0,1.65,1.65
214-0910,5/8 X 2 BOLT,HRDWRE,EA,EA,167,0.33,0.5775,0.33,0.2021,0,0.33,0.33
214-0911,"5/8""-11 x 2"" A325 bolt",HRDWRE,EA,EA,488,0.6239,1.09183,0.6239,0,0,0.647,0.6183
214-1012,3/4 X 1 3/4 BOLT,HRDWRE,EA,EA,97,,,0,0,0,0,0
214-1015,"3/4"" x 2"" x 10 HHMS",HRDWRE,EA,EA,-4,0.952,,0.952,0.952,0,0,0
214-1160,7/8 X 2-1/2 BOLT GRADE 5,HRDWRE,EA,EA,11,1.48,2.59,1.48,1.4775,0,1.48,1.4799
214-1690,1/4 X 3 EYE BOLT,HRDWRE,EA,EA,1,0.785,1.37,0.785,0.785,0,0,0
214-1700,1/4 X 4 EYE BOLT,HRDWRE,EA,EA,2,0.365,0.74,0.365,0.365,0,0,0
214-1710,5/16 X 5 EYE BOLTS,HRDWRE,EA,EA,2,0.59,2.15,0.59,0.59,0,0,0
214-1750,3/8 X 4 EYE BOLTS,HRDWRE,EA,EA,2,0.3033,0.75,0.3033,0.3033,0,0,0
214-2450,CABLE TIE,HRDWRE,EA,EA,250,0.13,0.2275,0.13,0.0295,0,0.017,0.017
214-2535,"1-1/2"" STEEL PIANO HINGE",HRDWRE,FT,FT,-7,8.11167,14.19542,8.1117,0,0,8.1117,5.848
214-2680,1/4 X 2 LAG SCREW,HRDWRE,EA,EA,252,0.036,0.23,0.036,0.036,0,0.609,0.3695
214-2700,1/4 X 3 LAG SCREW,HRDWRE,EA,EA,95,0.0618,0.29,0.0618,0.0618,0,0.3317,0.3917
214-2730,1/4 X 5 LAG SCREW,HRDWRE,EA,EA,20,0.0507,0.28,0.0507,0.0507,0,39.591,39.59
214-2740,1/4 X 6 LAG SCREW,HRDWRE,EA,EA,60,0.0772,0.14,0.0772,0.0772,0,0.67,0.6281
214-2840,3/8 X 2 LAG SCREW,HRDWRE,EA,EA,15,0.078,0.16,0.078,0.078,0,0.078,0.078
214-2860,3/8 X 3 LAG SCREW,HRDWRE,EA,EA,24,0.0942,0.15,0.0942,0.0942,0,0.6104,0.5719
214-2870,3/8 X 3-1/2 LAG SCREW,HRDWRE,EA,EA,4,0.1075,0.22,0.1075,0.1075,0,0,0
214-2880,3/8 X 4 LAG SCREW,HRDWRE,EA,EA,25,0.1183,0.5,0.1183,0.1183,0,0.7412,2.886
214-2890,3/8 X 4-1/2 LAG SCREW,HRDWRE,EA,EA,-6,0.1707,0.34,0.1707,0.1707,0,0.815,0.815
214-2900,3/8 X 5 LAG,HRDWRE,EA,EA,10,0.2092,0.55,0.2092,0.2092,0,3.17,3.17
214-3200,3/16 HEX NUT,HRDWRE,EA,EA,-487,0.0091,0.06,0.0091,0.0091,0,0.0178,0.0091
214-3205,3/16 PUSH NUT,HRDWRE,EA,EA,2341,0.1109,0.19408,0.1109,0,0,0.1109,0.0935
214-3230,1/4 HEX NUT,HRDWRE,EA,EA,160,0.0119,0.02083,0.0119,0.0071,0,0.0119,0.0074
214-3235,"1/4"" X 20 Rivet Nut",HRDWRE,EA,EA,-134,0.9027,1.57973,0.9027,0,0,0.9003,0.7825
214-3240,"1/4"" SPEED NUT - FLAT(TINNERMAN)",HRDWRE,EA,EA,236,0.0992,0.23,0.0992,0.1301,0,0.0992,0.0992
214-3265,"5/16"" Hex Nut",HRDWRE,EA,EA,600,0.0152,0.0266,0.0152,0,0,0,0
214-3270,3/8 HEX NUT,HRDWRE,EA,EA,1193,0.02174,0.03805,0.0217,0.0163,0,0.025,0.0208
214-3278,"1/2"" Alum.Nuts",HRDWRE,EA,EA,176,0.3516,0.6153,0.3516,0.1565,0,0.3696,0.3516
214-3280,1/2 HEX NUT,HRDWRE,EA,EA,1571,0.07848,0.13734,0.0785,0.065,0,0.0785,0.0688
214-3310,5/8 HEX NUT,HRDWRE,EA,EA,6,0.052,0.11,0.052,0.052,0,0.5029,0.5033
214-3480,1-1/8 HEX NUT,HRDWRE,EA,EA,321,1.26245,2.20929,1.2625,0.5,0,1.27,1.2395
214-3530,1-3/4 NUT,HRDWRE,EA,EA,-8,4.87,8.52,4.87,4.87,0,0,0
214-3540,#10-24 HEX NUTS,HRDWRE,EA,EA,3440,0.0109,,0.0109,0.0109,0,0.0109,0.0109
214-3550,10-24 TINNERMAN NUT,HRDWRE,EA,EA,3040,0.0945,0.54075,0.0945,0.03,0,0.0945,0.0945
214-3600,6-32 (3/16) NUT,HRDWRE,EA,EA,2,0.004,0.03,0.004,0.004,0,8.2069,8.205
214-3640,5/16 REPAIR LINKS,HRDWRE,EA,EA,-20,0.2,0.38,0.2,0.2,0,0,0
214-3645,Bulbex Rivets BF01-0630,HRDWRE,EA,EA,218,0.0886,,0.0886,0.1752,0,0.095,0.0886
214-3649,4-4 S/S rivet,HRDWRE,EA,EA,2418,0.02486,0.06486,0.0249,0,0,0.0322,0.0249
214-3660,6-2 S/S rivet,HRDWRE,EA,EA,6760,0.0143,0.06,0.0143,0.0143,0,0,0
214-3670,6-4 S/S rivet,HRDWRE,EA,EA,1296,0.0671,0.12,0.0671,0.0671,0,0,0
214-3711,4-6 S/S rivet,HRDWRE,EA,EA,-20,0.03,0.0525,0.03,0.03,0,0.03,0.0297
214-3712,6-6 S/S rivet,HRDWRE,EA,EA,1500,0.03,0.0525,0.03,0.03,0,0,0
214-3715,4-2 A/A rivet,HRDWRE,EA,EA,2877,0.016,0.028,0.016,0.04,0,0.0142,0.016
214-3716,4-4 A/A rivet,HRDWRE,EA,EA,1870,0.02055,0.03596,0.0206,0.0332,0,0.0206,0.0206
214-3750,"1/4"" TAPCON SCREW",HRDWRE,EA,EA,458,0.2243,0.44,0.2243,0.2243,0,59.2879,0.8325
214-3755,"3/8"" x 3"" TAPCON SCREW",HRDWRE,EA,EA,46,0.9198,1.60965,0.9198,0,0,2.6396,21.5
214-3850,#8 X 3 GALV DECK SCREW,HRDWRE,EA,EA,125,0.02,0.08,0.02,0.02,0,0,0
214-4100,"1/4"" x 1"" THMS",HRDWRE,EA,EA,480,0.04,0.07,0.04,0.04,0,0.04,0.04
214-4180,"10-24 x 1/2"" THMS",HRDWRE,EA,EA,1891,0.02548,0.04459,0.0255,0.0131,0,0.0255,0.0123
214-4291,#8 x 1/2 FHSMS,HRDWRE,EA,EA,501,0.04,0.07,0.04,0,0,0.04,0.04
214-4310,"#10 x 3/4"" TEK Screw",HRDWRE,EA,EA,2000,0.018,0.0315,0.018,0.1,0,0.018,0.018
214-4311,"#10 x 3/4"" PHPSMS Pancake Head Phillips Sheet Metal Screw",HRDWRE,EA,EA,3811,0.08925,0.15619,0.0893,0,0,0.091,0.0891
214-4312,"#10 x 1/2"" TEK Screws",HRDWRE,EA,EA,-1511,0.01675,0.02931,0.0168,0.0195,0,0.02,0.0168
214-4320,"#10 x 3/4"" TEK Screw w/ Rubb",HRDWRE,EA,EA,3572,0.0838,0.14665,0.0838,0.1005,0,0.0762,0.0726
214-4380,"#12-24 x 1 1/2"" TEK 5 (Man Killer)",HRDWRE,EA,EA,1545,0.19849,0.34736,0.1985,0.3147,0,0.1985,0.1925
214-4410,"#14 x 3/4"" Tek Screw",HRDWRE,EA,EA,544,0.03,0.0525,0.03,0.03,0,0.0317,0.03
214-4440,#14 X 1-1/2 SELF TAPPER SCREW,HRDWRE,EA,EA,4,0.0285,0.3,0.0285,0.0285,0,10.1329,10.1325
214-4470,#14 X 2 SELF TAPPING SCR,HRDWRE,EA,EA,60,0.24,0.53,0.24,0.24,0,0,0
214-4480,#14 X 2-1/2 SELF TAPPING SCREW,HRDWRE,EA,EA,2,0.2511,0.44,0.2511,0.2511,0,30.3559,30.355
214-4652,"#8 x 1/2"" PHSMS Black",HRDWRE,EA,EA,1257,0.0366,,0.0366,0.0366,0,0.0366,0.0366
214-4655,"#8 X 1/2"" PHILLIPS WAFER LATH SHARP POINT SCREW",HRDWRE,EA,EA,-594,0.0163,0.02853,0.0163,0,0,41.6658,41.67
214-4656,"#8 X 1/2"" Lath trim cap) screw",HRDWRE,EA,EA,2244,0.119,0.20825,0.119,0,0,0.1035,0.1175
214-4710,#10 X 1/2 SHEET METAL SC,HRDWRE,EA,EA,3396,0.02295,0.07,0.023,0.0094,0,0.023,0.032
214-4712,"#10 x 1/2"" HWHSMS - Black",HRDWRE,EA,EA,4050,0.08136,0.14238,0.0814,0.034,0,0.0859,0.0791
214-4995,3/16 aluminum weld studs,HRDWRE,EA,EA,1225,0.73424,1.28492,0.7342,0,0,0.6102,0.6537
214-5000,"2"" STUDS X 3/16 ALUMINUM",HRDWRE,EA,EA,-220,0.4784,0.8372,0.4784,0.1878,0,0.4784,0.1878
214-5020,"3"" STUDS X 3/16 ALUMINUM",HRDWRE,EA,EA,275,0.3768,0.6594,0.3768,0.0767,0,0.25,0.3768
214-5190,3/8 THREADED ROD,HRDWRE,FT,PC,2,2.05,2.48,2.05,2.05,0,0,0
214-5380,45 WALL ANGLE #304,HRDWRE,EA,EA,208,1.66,2.905,1.66,0.587,0,1.83,1.6481
214-5430,3/16 FLAT WASHERS,HRDWRE,EA,EA,2838,0.00962,0.05,0.0096,0.0037,0,0.0096,0.0096
214-5440,1/4 FLAT WASHERS,HRDWRE,EA,EA,1144,0.008,0.014,0.008,0.0044,0,0.012,0.0097
214-5450,5/16 FLAT WASHERS,HRDWRE,EA,EA,431,0.0365,0.07,0.0365,0.0365,0,0.05,0.0365
214-5460,3/8 FLAT WASHERS,HRDWRE,EA,EA,1491,0.0305,0.05338,0.0305,0.0148,0,0.0405,0.0304
214-5470,1/2 FLAT WASHERS,HRDWRE,EA,EA,1575,0.06,0.105,0.06,0.0366,0,0.06,0.0614
214-5500,5/8 FLAT WASHERS,HRDWRE,EA,EA,6,0.10816,0.18928,0.1082,0.0501,0,2.0223,3.3133
214-5510,5/8 FLAT WASHERS/A325,HRDWRE,EA,EA,481,0.10024,0.17542,0.1002,0.066,0,0.1428,0.1002
214-5520,"3/4"" flat washers",HRDWRE,EA,EA,459,0.11032,,0.1103,0.1103,0,2.8783,0.0063
214-5530,7/8 FLAT WASHERS,HRDWRE,EA,EA,442,0.2829,0.5,0.2829,0.2829,0,0.3788,0.0551
214-5550,"1"" flat washers",HRDWRE,EA,EA,18,0.09,,0.09,0.09,0,0.3963,0.09
214-5560,1-1/8 FLAT WASHERS,HRDWRE,EA,EA,279,0.5524,0.9667,0.5524,0.91,0,0.56,0.5336
214-5590,3/16 FENDER WASHERS,HRDWRE,EA,EA,100,0.0466,0.1,0.0466,0.0466,0,0.1307,0.1307
214-5600,1/4 FENDER WASHERS,HRDWRE,EA,EA,72,0.1242,0.21735,0.1242,0.0126,0,17.5879,0.6094
214-5630,1/4 LOCK WASHERS,HRDWRE,EA,EA,168,0.009,0.06,0.009,0.009,0,0,0
214-5640,3/8 LOCK WASHERS,HRDWRE,EA,EA,50,0.0188,0.0329,0.0188,0.0028,0,0.0188,0.0153
214-5650,1/2 LOCK WASHERS,HRDWRE,EA,EA,135,0.06,0.12,0.06,0.06,0,0,0
215-0145,.118 SGC100 112C Clear Lexan,FLEXAN,SF,RL,824,1.99,3.4825,1.99,0,0,1.99,1.9
215-0189,.150 CLEAR LEXAN,FLEXAN,SF,SF,21,4.18,7.315,4.18,0,0,3.685,4.18
215-0199,.150 White Polycarbonate,FLEXAN,SF,SF,294,3.02118,5.28707,3.0212,0,0,3.0618,3.0258
215-0535,.177 WHITE FF #2447 PLEXIGLAS,FPLEX,SF,SF,275,2.8,7.5775,2.8,0,0,2.6758,3.3475
216-0100,1 X 10 LUMBER,FLUMBR,LF,LF,-547,0.348,1.42,0.348,0.348,0,10.9354,10.9355
216-0151,"1"" X 4"" X 12' SPF WOOD FRAMING",FLUMBR,FT,PC,-386,0.75,1.50792,0.75,0.233,0,0.69,0.75
216-0251,"2"" X 4"" X 20' SPF WOOD FRAMING",FLUMBR,FT,PC,2972,1.075,2.62493,1.075,0.36,0,0.7167,1.3975
216-0252,"2"" X 4"" X 12' SPF WOOD FRAMING",FLUMBR,LF,PC,-121,0.5,0.875,0.5,0.36,0,0.5,0.5
216-0421,"7/16"" OSB 4'x 8'sheet",FLUMBR,SF,SH,2992,0.775,1.35625,0.775,0.385,0,0.775,0.775
217-0120,1/2 EGG CRATE LOUVER,FPLEX,SF,PC,188,3.88875,6.80531,3.8888,0.8125,0,2.9775,3.5566
217-0335,.250 CLEAR FF PLEXIGLAS,FPLEX,SF,SF,12,4.0325,9.4325,4.0325,3.15,0,4.3434,4.0824
217-0485,.177 CLEAR IMPACT MODIFIED ACRYLIC,FPLEX,SF,SF,2463,11.05,19.3375,11.05,0,0,6.0017,6
217-0520,.177 RED PLEXIGLAS FF #2157,FPLEX,SF,SF,-32,6.7708,11.8489,6.7708,6.765,0,5.945,6.7708
217-0535,.177 White #2447 Plexiglas,FPLEX,SF,SH,-50,2.0849,3.64858,2.0849,2.0849,0,2.6225,2.0881
217-0537,.75 WHITE PLEX 7328,FPLEX,SF,SH,28,11.48,20.09,11.48,0,0,17.5694,11.48
217-0556,.177 #7328 WHITE FF PLEXIGLAS,FPLEX,SF,SF,139,2.75781,8.24469,2.7578,3.75,0,3.1091,2.8505
217-0557,.187 #2037 YELLOW FF PLEXIGLAS,FPLEX,SF,SF,195,4.30719,8.6222,4.3072,3.75,0,4.4669,4.3072
217-0590,1/4 WHITE PLEX,FPLEX,SF,SH,84,10.98,19.215,10.98,3.18,0,4.6331,10.98
217-0700,1/2 WHITE SINTRA (KOMATEX),FPLEX,SF,SF,26,4.13993,7.24488,4.1399,3.2888,0,5,4.14
217-0730,6MM WHITE KOMATEX SINTRA,FPLEX,SF,SF,40,1.88438,4.2875,1.8844,1.5519,0,3.5131,1.8844
217-0780,.750 CLEAR ACRYLIC SHEET,FPLEX,SF,SF,42,17.41063,30.4686,17.4106,16.71,0,12.2191,11.1616
217-0790,.500 CLEAR ACRYLIC SHEET,FPLEX,SF,SF,-2,9.29688,19.1,9.2969,10.91,0,8.4356,9.2969
217-0793,"1"" CLEAR ACRYLIC SHEET",FPLEX,SF,SF,124,20.40875,35.7153,20.4088,0,0,14.3147,9.0706
217-0795,"1"" 7328 WHITE ACRYLIC SHEET",FPLEX,SF,SF,40,23.36656,40.89148,23.3666,0,0,22.0422,17.3367
217-0796,.75 7328 WHITE ACRYLIC SHEET,FPLEX,SF,SF,28,13.76,24.08,13.76,0,0,13.7622,13.76
217-0800,.50 WHITE PLEX 7328,FPLEX,SF,SF,104,11.48,20.09,11.48,0,0,11.875,11.48
218-0160,"LETTER TRACK, BOTTOM - 8'",FCHANG,FT,PC,74,0.79875,1.39781,0.7988,0.468,0,0.655,0.7944
218-0170,"LETTER TRACK, MUTUAL - 8'",FCHANG,FT,PC,58,1.04,1.82,1.04,0.618,0,0.8413,1.0387
218-0180,"LETTER TRACK, TOP - 8'",FCHANG,FT,PC,72,0.965,1.68875,0.965,0.57,0,0.7963,0.9251
219-0100,1/2 X 1/2 X 1/8 ANGLE,FSTANG,FT,PC,-60,0.11,0.2,0.11,0.11,0,0,0
219-0120,1 X 1 X 1/8 ANGLE IRON,FSTANG,FT,PC,-2,0.472,0.826,0.472,0.3683,0,0.42,0.472
219-0150,"1-1/2"" X 1-1/2"" X 3/16"" ANGLE IRON",FSTANG,FT,FT,250,1.4175,2.625,1.4175,0.7753,0,1.2879,1.4213
219-0155,ANGLE IRON MOUNTING BRACKET - CAT,FSTANG,EA,,61,3.281,5.74175,3.281,0,0,2.7114,0
219-0170,"2"" X 2"" X 3/16"" ANGLE IRON",FSTANG,FT,PC,192,1.75,3.68536,1.75,1.0256,0,1.75,1.8679
219-0180,2 X 2 X 1/4 ANGLE IRON,FSTANG,FT,PC,-22,1.4925,3.444,1.4925,1.3089,0,1.4925,1.7714
219-0240,3 X 3 X 3/8 ANGLE IRON,FSTANG,FT,PC,18,1.321,2.31,1.321,1.321,0,0,0
219-0270,4 X 4 X 5/16 ANGLE IRON,FSTANG,FT,PC,7,2.1279,2.78,2.1279,2.1279,0,0,0
219-0580,4 IN X 5.4 LB CHANNEL,FSTBC,FT,PC,36,1.2393,2.16,1.2393,1.2393,0,0,0
219-0630,8 IN X 11.5 LB CHANNEL,FSTBC,FT,PC,19,2.2715,3.98,2.2715,2.2715,0,0,0
219-0800,1/4 X 6 FLAT STEEL,FSTFLT,FT,PC,4,3.98,6.965,3.98,1.8955,0,3.98,3.162
219-0930,"1/2"" X 6"" STEEL FLAT",FSTFLT,FT,PC,-100,5.05,10.9025,5.05,4.083,0,5.05,5.05
219-0940,"1/2"" X 8"" STEEL FLAT",FSTFLT,FT,PC,-1,7.2775,13.96938,7.2775,6.396,0,7.038,7.2775
219-0970,5/8 X 6 H.R. FLAT STEEL,FSTFLT,FT,PC,18,8.7025,15.22938,8.7025,2.48,0,8.9725,8.7025
219-0990,3/4 X 8 H.R. FLAT STEEL,FSTFLT,FT,PC,22,15.4,30.43688,15.4,8.9825,0,15.4,16.7396
219-1010,3/4 X 12 H R FLAT STEEL,FSTFLT,FT,PC,16,25.81,45.1675,25.81,12.644,0,25.81,20.825
219-1018,"1"" X 10"" STEEL FLAT",FSTFLT,FT,PC,-17,30.1575,52.77563,30.1575,16.5,0,25.77,26.6912
219-1040,1 X 8 FLAT STEEL,FSTFLT,FT,PC,27,18.224,31.892,18.224,11.4105,0,20.631,17.7339
219-1050,Hot Rolled Sheet,FSTPLT,SF,SH,2,1.74375,3.05156,1.7438,1.13,0,1.7438,1.7438
219-1130,1/2 X 6 POLE GUSSETS,FSTPLT,EA,EA,52,8.95,15.6625,8.95,1.96,0,11.1302,0
219-1139,"1/2"" X 8"" MATCH PLATE",FSTPLT,EA,EA,2,13.5599,23.72976,13.5599,10.39,0,19.9857,0
219-1141,"1/2"" x 8"" Top Plate",FSTPLT,EA,,19,30.37,53.1475,30.37,0,0,30.1925,0
219-1150,3/4 X 8 MATCH PLATE,FSTPLT,EA,EA,3,34.69,60.7075,34.69,20.99,0,34.6955,34.6799
219-1160,3/4 X 8 TOP PLATE,FSTPLT,EA,EA,49,47.95,83.9125,47.95,10.01,0,47.95,47.8323
219-1162,"1"" x 10"" x 10"" hurricane/170mph match plate",FSTPLT,EA,EA,-6,43.5,76.125,43.5,0,0,0,0
219-1164,"7/8"" x 8"" x 8"" high wind/135mph match plate",FSTPLT,EA,EA,-6,31.5,55.125,31.5,0,0,0,0
219-1265,"24 x 24 x 1.25"" CS Plate 9 H",FSTPLT,EA,EA,14,372.58185,652.30408,372.5819,139,0,372.5819,372.7452
219-1266,"24 x 24 x 1 3/8"" CS Plate 9 H",FSTPLT,EA,EA,1,400,700,400,0,0,400,400
219-1267,"24 x 24 x 1 3/4"" CS Plate 9 H",FSTPLT,EA,EA,15,521.67111,912.92444,521.6711,0,0,521.5,498.5363
219-1320,"5"" STEEL PIPE",FSTPIP,FT,PC,-15,11.94,20.895,11.94,6.75,0,12.537,8.0167
219-1330,"6"" STEEL PIPE",FSTPIP,FT,PC,10,18.585,50.4525,18.585,8.3501,0,18.585,22.0033
219-1340,"8"" STEEL PIPE",FSTPIP,FT,PC,9,30.83381,53.95917,30.8338,13.25,0,32.3755,16.0776
219-1640,5/8 H.R. SQUARE STEEL,FSTMIS,FT,PC,4,1.12,1.96,1.12,0.5447,0,1.12,0.5445
219-1731,"1-1/2"" X 1-1/2"" X 3/16"" SQ STEEL TUBE ",FSTTBE,FT,FT,66,2.35,4.68956,2.35,2,0,2.15,2.5492
219-1761,2 X 2 X 1/8 SQ STEEL TBE,FSTTBE,FT,PC,19,1.7525,3.07,1.7525,1.7525,0,0,0
219-1771,2 X 2 X 3/16 SQ STEEL TBE,FSTTBE,FT,PC,68,3.43542,6.01199,3.4354,2.08,0,3.4354,1.85
219-1781,2 X 2 X 1/4 SQ STEEL TBE,FSTTBE,FT,PC,48,4.7689,13.195,4.7689,1.63,0,4.769,7.54
219-1840,3 X 3 X 1/4 SQ TUBING,FSTTBE,FT,PC,-48,11.15,19.5125,11.15,2.25,0,0,0
219-1841,"3"" X 3"" X 1/4"" SQUARE STEEL TUBING",FSTTBE,FT,PC,141,7,19.5125,7,4.44,0,7,9.3362
219-1890,4 X 4 X 1/4 SQ TUBING,FSTTBE,FT,PC,-24,7.1,18.375,7.1,7.0098,0,7.1,7.92
219-1891,4 X 4 X 1/4 SQUARE TUBE,FSTTBE,FT,PC,20,9.42,23.975,9.42,7.0098,0,9.42,10.2385
219-1900,4 X 4 X 3/8 SQ STEEL TUBING,FSTTBE,FT,PC,-6,17.03,29.8025,17.03,8.83,0,21.2875,8.83
219-1950,"5"" X 5"" X .250"" SQUARE TUBE 20 FT",FSTTBE,FT,PC,-4,8.79,15.3825,8.79,9.261,0,10.548,8.25
219-1952,5 X 5 X 1/4 SQUARE TUBE,FSTTBE,FT,PC,101,14.60472,42.3675,14.6047,9.26,0,14.6047,23.8502
219-1990,6 X 6 X 1/4 SQ TUBING,FSTTBE,LF,LF,9,18.65,50.925,18.65,10.5153,0,18.65,29.1
219-2102,"8"" X 8"" 1/4"" SQUARE STEEL TUBE",FSTTBE,FT,LF,402,22.24607,44.43751,22.2461,14.6,0,22.2461,22.3962
219-2110,8 X 8 X 3/8 SQ TUBING,FSTTBE,FT,PC,40,33.92,71.05,33.92,22.25,0,28.15,30.8158
219-2111,8 X 8 X 3/8 SQ TUBING,FSTTBE,FT,PC,15,43.35,75.8625,43.35,22.25,0,43.35,50.25
219-2190,10X10X3/8 SQ TUBING,FSTTBE,FT,PC,-40,44.7865,129.9375,44.7865,30,0,44.7865,46
219-2191,10X10X3/8 SQ TUBING,FSTTBE,FT,PC,78,45.7685,128.2575,45.7685,30,0,39.45,73.29
220-0101,S-4367 36x6x6 box,FSHIP,EA,BND,115,1.84,3.22,1.84,0,0,1.9643,1.4749
220-0102,S-11258 36 x 12 x 12 cardboard box,FSHIP,EA,BND,18,4.46,7.805,4.46,0,0,4.9667,4.46
220-0103,"S-4672, 36 x 10 x 10 cardboard box",FSHIP,EA,BND,218,2.5065,4.38638,2.5065,0,0,2.1432,3.0436
220-0220,147 X 9-1/2 X 38-1/2 BOX,FSHIP,EA,EA,-1,33.32,41.65,33.32,33.32,0,0,0
220-0240,"1/4"" x 6"" Micro Foam Rolls",FSHIP,FT,FT,-1812,0.074,1.176,0.074,0.0229,0,0.0933,0.074
220-0315,7 mm shrink wrap,FSHIP,SF,SF,-745,0.17,0.2975,0.17,0,0,0.1173,375.41
221-0191,CAT SCALE SPEAKER SIGN DOOR GUARD,MFGSGN,EA,,12,9.4904,11.863,9.4904,0,0,27.1507,0
221-0192,CAT SCALE SPEAKER SIGN PANEL,MFGSGN,EA,,11,13.884,17.355,13.884,0,0,16.396,0
301-0185,ADVANCE ISB 104014E,BALLST,EA,EA,5,68.29,136.58,68.29,0,0,68.29,68.29
301-0220,175W METAL HALIDE MT BALLAST,BALLST,EA,EA,1,76.37,152.74,76.37,36.39,0,76.37,51.8313
301-0227,LU150 HPS SODIUM MT BALLAST,BALLST,EA,EA,1,40.99,81.98,40.99,0,0,40.99,40.99
301-0245,400W MH M59 MULTI TAP BALLAST,BALLST,EA,EA,2,72.78,190.54,72.78,0,0,72.78,65.6847
301-0280,250W MULTI TAP BALLAST,BALLST,EA,EA,1,49.61,92.52,49.61,49.61,0,48.448,49.61
301-0290,320 PULSE START BALLAST,BALLST,EA,EA,1,123.86,247.72,123.86,47.99,0,123.86,47.99
301-0320,MH100 MT BALLAST BS/MH0100MT,BALLST,EA,EA,1,55.16,110.32,55.16,0,0,43.04,27.58
301-0330,MH1000W MULTI TAP BALLAST,BALLST,EA,EA,2,126.79,253.58,126.79,70.51,0,126.79,70.51
301-1300,ESB-848-46 Universal Electronic Ballast,BALLST,EA,EA,1,83.54,167.08,83.54,0,0,83.54,56.2508
301-1302,KTSB-E-0416-12 Keystone Electronic Ballast,BALLST,EA,EA,5,41.58,83.16,41.58,0,0,41.54,41.58
301-1303,KTSB-E-1232-24 Keystone Electronic Ballast,BALLST,EA,EA,6,72.36,144.72,72.36,0,0,72.36,69.1388
301-1304,KTSB-E-2048-46 Keystone Electronic Ballast,BALLST,EA,EA,4,94.21,188.42,94.21,0,0,94.21,94.1946
302-0100,BX ARMOR CABLE #12/3,ELECT,FT,FT,85,0.54843,0.95975,0.5484,0.7965,0,105.93,21.1973
302-0140,HIGH VOLTAGE CABLE GTO,ELECT,FT,BX,320,1.05588,1.84779,1.0559,0.2132,0,1.0559,0.7292
302-0180,BX CLAMP/ARMOR CABLE,ELECT,EA,EA,128,0.32719,0.57258,0.3272,0.1238,0,0.4351,0.3136
302-0186,"3/4"" Cable Clamp",ELECT,EA,EA,702,0.50482,0.88344,0.5048,0,0,0.5048,0.4815
302-0187,Heyco Wavelock clip,ELECT,EA,BG,1151,0.40907,0.71587,0.4091,0,0,0.4091,0.387
302-0231,HEYCO 1029 mounting bracket,ELECT,EA,EA,950,0.2979,0.52133,0.2979,0,0,0.2979,0.2727
302-0445,"3/8"" ALUMINUM GREENFIELD CONDUIT",ELECT,FT,FT,40,0.36556,0.63973,0.3656,0,0,0.4004,0.4004
302-0450,"3/4"" ALUMINUM GREENFIELD CONDUIT",ELECT,FT,BND,90,0.8268,1.4469,0.8268,0.3359,0,0.8268,0.6078
302-0460,"1/2"" ALUMINUM GREENFIELD CONDUIT 100 FT BUNDLE",ELECT,FT,BND,92,1.007,1.76225,1.007,0.3362,0,1.0071,0.6022
302-0570,"1/2"" LIQUITITE CONDUIT",ELECT,FT,FT,-78,1.10556,1.93473,1.1056,0.5972,0,2.5252,24.0258
302-0580,"1/2"" LIQUITITE CONDUIT 100 FT BUNDLE",ELECT,FT,BND,67,1.44835,2.53461,1.4484,0.5972,0,2.4289,2.4289
302-0621,"3/4"" Heyco 8452 black conduit",ELECT,FT,BND,-140,1.54588,2.70529,1.5459,0,0,1.6839,1.5459
302-1150,3M STD CABLE TIES/NYLON,ELECT,EA,EA,300,0.2598,0.27,0.2598,0.2598,0,0.375,0.2575
303-0145,2x4 bell box cover 5173-0 sg wp,ELECT,EA,EA,40,0.78155,1.36771,0.7816,0,0,1.2913,0.7817
303-0150,RACO 5320-0 1G WP BX W/3-1/2 HUBS,ELECT,EA,EA,68,8.59275,15.03731,8.5928,0.9258,0,8.5928,8.5777
303-0151,RACO 5330-0 WP BX W/ 3/4 HUBS,ELECT,EA,EA,8,4.5656,7.9898,4.5656,0,0,5.492,3.97
303-0180,RACO 5128-0 SP 20A 277VAC SW&WP CVR,ELECT,EA,EA,61,42.3055,74.03463,42.3055,3.614,0,42.3055,42.3003
303-0210,RACO 660 1-7/8D HANDY BOX 1/2 KO,ELECT,EA,EA,41,3.4234,5.99095,3.4234,0.9752,0,3.4234,1.6415
303-0211,"RACO 666 1 7/8"" deep handy box 3/4"" knockout",ELECT,EA,EA,47,10.6625,18.65938,10.6625,0,0,10.6625,10.3333
303-0240,RACO 860 BLANK HANDY BOX COVER,ELECT,EA,EA,96,1.0503,1.83803,1.0503,0.2926,0,1.0503,0.5945
303-0260,"6"" X 6"" WEATHERPROOF HOFFMAN BOX",ELECT,EA,EA,84,15.68,27.44,15.68,15.68,0,0,0
303-0298,"3/8"" Heyco Bushing",ELECT,EA,EA,1309,0.06,0.105,0.06,0,0,0.06,0.06
303-0300,"1/2"" PLASTIC BUSHING",ELECT,EA,EA,257,0.271,0.47425,0.271,0.12,0,0.1504,0.271
303-0303,"5/8"" Heyco Bushing",ELECT,EA,EA,637,0.1493,0.26128,0.1493,0.08,0,0.1499,0.0556
303-0310,"3/4"" PLASTIC BUSHING",ELECT,EA,EA,74,0.16406,0.28711,0.1641,0.143,0,0.1641,0.1641
303-0313,"7/8"" Heyco Bushing",ELECT,EA,EA,2385,0.2016,0.3528,0.2016,0.1,0,0.2129,0.2016
303-0581,#10 eyelet - 60042 Ring Tongue,ELECT,EA,EA,1006,0.54706,0.95736,0.5471,0.0935,0,0.5471,0.5298
303-0610,"1/2"" GREENFIELD CONNECTOR BRDGPORT 520-DC2",ELECT,EA,EA,430,0.72652,1.27141,0.7265,0.4316,0,0.7265,0.5475
303-0611,"3/4"" GREENFIELD CONNECTOR BRDGPORT 521-DC2",ELECT,EA,EA,13,1.10415,1.93226,1.1042,0,0,2.279,2.28
303-0612,HEYCO 8495 Snap In Connector,ELECT,EA,BX,148,0.69411,1.21469,0.6941,0,0,0.6941,0.3962
303-0630,PPKHVC HIGH VOLTAGE CONNECTOR,ELECT,EA,EA,-1,4.58,9.52,4.58,4.58,0,0,0
303-0650,"1/2"" LIQUITITE SEALTITE MALE CONNECTOR - STRAIGHT - RACO #3402",ELECT,EA,EA,78,2.92483,5.11845,2.9248,1.86,0,3.6386,2.9358
303-1030,"1/2"" 90-DEG. GREENFIELD CONNECTOR BRDGPORT 804-DC2",ELECT,EA,BX,140,1.715,3.00125,1.715,1.036,0,1.715,1.5027
303-1130,"1/2"" 90-DEG. SEALTIGHT ELBOW",ELECT,EA,EA,97,3.1752,5.5566,3.1752,2.4724,0,5.282,3.1752
303-1220,"1/2"" LOCK NUT",ELECT,EA,EA,335,0.29235,0.51161,0.2924,0.092,0,0.2925,0.2725
303-1240,"1"" LOCK NUT",ELECT,EA,EA,349,0.703,1.23025,0.703,0.21,0,0.703,0.6821
303-1260,"1-1/2"" LOCK NUT",ELECT,EA,EA,130,1.26245,2.20929,1.2625,0.27,0,1.2611,1.1357
303-1280,"1/2"" CHASE NIPPLE",ELECT,EA,EA,380,0.9215,1.61263,0.9215,0.3839,0,0.9215,0.8301
303-1330,"1"" CHASE NIPPLE",ELECT,EA,EA,95,3.29045,5.75829,3.2905,0.5433,0,3.2905,2.5017
303-1355,"1 1/2"" CHASE NIPPLE 1106-DC",ELECT,EA,EA,175,9.5386,16.69255,9.5386,0,0,9.0891,8.4352
303-1435,Paige Wall Busters,ELECT,EA,EA,272,4.55,10.36,4.55,0,0,4.55,4.8553
303-1510,"1/2"" BLUNDER PLUG",ELECT,EA,EA,73,0.28293,0.49513,0.2829,0.2059,0,0.3151,0.2794
306-0880,F18T12CW/HO LAMP,LAMPS,EA,EA,5,9.51,15.88,9.51,4.2777,0,9.51,4.27
306-0891,F18T12 DSN design lamp,LAMPS,EA,EA,3,8.17,17.97,8.17,8.17,0,0,0
306-0920,F24T12CW/HO LAMP,LAMPS,EA,EA,41,6.47,13.05,6.47,2.59,0,6.47,3.6747
306-0930,F24T12D/HO LAMP,LAMPS,EA,EA,6,2.4,15.27,2.4,2.4,0,2.67,1.0489
306-0950,F30T12CWHO,LAMPS,EA,EA,40,6.29,15.62,6.29,2.45,0,6.29,1.7981
306-0990,F36T12CW/HO LAMP,LAMPS,EA,EA,20,2.67,14.81,2.67,2.98,0,9.46,6.3736
306-1060,F42T12CW/HO LAMP,LAMPS,EA,EA,6,2.97,14.56,2.97,2.83,0,2.97,3.2953
306-1070,F42T12D/HO LAMP,LAMPS,EA,EA,41,3.29,16.32,3.29,2.46,0,4.22,2.7321
306-1080,F48T12CW/HO LAMP,LAMPS,EA,EA,37,8.18,17.996,8.18,2.59,0,8.18,3.4525
306-1090,F48T12D/HO LAMPS,LAMPS,EA,EA,18,4.44,12.98,4.44,2.59,0,4.44,2.59
306-1100,F60T12CW/HO LAMP,LAMPS,EA,EA,83,3.02,9.13,3.02,2.83,0,3.02,2.9606
306-1110,F60T12D/HO LAMP,LAMPS,EA,EA,3,3.06,14.04,3.06,2.59,0,3.41,3.0629
306-1120,F64T12CW/HO LAMP,LAMPS,EA,EA,31,3.55,12.36,3.55,3.55,0,3.36,3.5105
306-1130,F64T12D/HO LAMP,LAMPS,EA,CS,53,3,6.6,3,2.61,0,3.59,1.8386
306-1140,F72T12CW/HO LAMP,LAMPS,EA,EA,16,10.17,22.374,10.17,2.89,0,10.17,8.3244
306-1160,F72T12D/HO LAMP,LAMPS,EA,CS,19,5.8,12.98,5.8,2.59,0,5.8,4.8342
306-1180,F84T12CW/HO LAMP,LAMPS,EA,CS,23,7.59,16.698,7.59,2.61,0,8.74,6.2215
306-1190,F84T12D/HO LAMP,LAMPS,EA,EA,26,5.733,13.46,5.733,2.61,0,5.7333,3.1513
306-1210,F96T12CW/HO LAMP,LAMPS,EA,EA,12,8.39,12.36,8.39,2.9304,0,9.27,7.0389
306-1230,F96T12D/HO LAMP (DAYLIGHT HIGH OUTPUT),LAMPS,EA,EA,5,2.49,12.17,2.49,2.89,0,2.88,2.49
306-1250,F108T12CW/HO LAMP,LAMPS,EA,EA,14,12.66,27.852,12.66,10.0925,0,16.7,12.2169
306-1260,F108T12D/HO LAMP,LAMPS,EA,EA,28,10.0925,22.45,10.0925,10.0925,0,8.79,9.2657
306-1270,F117T12CW/HO LAMP,LAMPS,EA,EA,18,17.1,37.62,17.1,10.0925,0,17.1,16.165
306-1280,F117T12D/HO LAMP,LAMPS,EA,CS,9,14.15,31.13,14.15,10.0925,0,10.9308,13.2451
306-1290,F120T12CW/HO LAMP/VOLTARC,LAMPS,EA,EA,23,17.1,32.274,17.1,10.0925,0,17.1,14.194
306-1300,F120T12D/HO LAMP,LAMPS,EA,EA,11,14.15,22.45,14.15,10.0925,0,13.36,14.15
306-1965,MH250 U LAMP,LAMPS,EA,EA,1,14.1,31.02,14.1,0,0,10.84,14.1
306-1970,MH400 LAMP,LAMPS,EA,EA,1,14,62.304,14,11.815,0,14.08,14
307-0100,18 GAUGE LED HOOK UP WIRE,ELECT,FT,FT,3803,0.30316,0.53053,0.3032,0.325,0,0.2908,0.3032
307-0101,LED HOOK UP WIRE for RGB systems,ELECT,FT,FT,200,0.5468,0.9569,0.5468,0,0,0.5468,0.3032
307-0121,Hanley LED NRG Mini-PE-Mini 7000k 12v,ELECT,EA,BG,-4,1.02313,1.79048,1.0231,0,0,1.98,1.9606
307-0134,HanleyLED NRG Series IV - PE4/PN4,ELECT,EA,BG,805,2.275,3.98125,2.275,0,0,2.275,1.9
307-0151,H96W-SD-24V power supply,ELECT,EA,EA,1165,53.24,93.17,53.24,0,0,53.24,54.2528
307-0167,Sloan 701507-MOD60277 Power Supply,ELECT,EA,EA,10,75.34,150.68,75.34,0,0,75.34,73.1867
307-0170,H192W-SD-24 power supply,ELECT,EA,EA,2,89.95,179.9,89.95,89.95,0,93.92,89.95
307-0241,Agilight Pro215,ELECT,EA,EA,80,3.415,5.97625,3.415,0,0,3.42,3.4999
307-0247,Principal Qwik Mod QM3,ELECT,EA,EA,104,1.3198,2.30965,1.3198,0,0,1.0582,1.3176
307-0255,QM3 Red,ELECT,EA,BG,20,1.4198,2.48465,1.4198,0,0,1.5198,0.9695
307-0256,SHLB-2S60 4500K Concord,ELECT,EA,EA,15,50.92,89.11,50.92,0,0,50.92,48.808
307-0257,SHLB-2S36 4500K Concord,ELECT,EA,EA,8,30.56,53.48,30.56,0,0,30.56,28.4924
307-0258,HPEB-CC cable 6',ELECT,EA,EA,2004,3.92,6.86,3.92,0,0,3.92,3.823
307-0259,HPEB-CC cable 12,ELECT,EA,EA,1750,6.8,11.9,6.8,0,0,6.8,6.7756
307-0260,Hanley PF4180W,ELECT,EA,BG,192,2.0034,3.50595,2.0034,0,0,1.416,2.0034
307-0261,PF3120 Phoenix LED,ELECT,EA,BG,1095,1.23025,2.15294,1.2303,0,0,1.0159,1.2167
307-0262,PF3120 Red Phoenix LED,ELECT,EA,BG,415,1.28525,2.24919,1.2853,0,0,1.7498,1.2853
307-0263,PF2080 Phoenix LED,ELECT,EA,BG,1251,0.68283,1.71763,0.6828,0,0,0.6828,0.9815
307-0264,H120W-PPS5 Hanley Power Supply,ELECT,EA,EA,24,48.58,103.25,48.58,0,0,48.58,50.3157
307-0265,H60W-SD-12 Hanley Power Supply,ELECT,EA,EA,33,25.4,53.235,25.4,0,0,25.4,27.1403
307-0269,"SHPEB-2S6045K NRG Bar 60"" 4500K",ELECT,EA,EA,2126,49.8,87.15,49.8,0,0,49.8,49.7999
307-0270,"SHPEB-2S3645K NRG Bar 36"" 4500K",ELECT,EA,EA,2024,29.88,52.29,29.88,0,0,29.88,29.8738
307-0271,PF2080 Red Phoenix LED,ELECT,EA,BG,16,0.84917,1.48605,0.8492,0,0,0.8492,0.9815
307-0273,"SHPEB-2S9645K NRG Bar 96"" 4500K",ELECT,EA,EA,40,79.68,139.44,79.68,0,0,79.68,79.68
307-0274,"SHPEB-2S12045K NRG Bar 120"" 4500K",ELECT,EA,EA,40,99.6,174.3,99.6,0,0,99.6,99.6
307-2530,LED Corn 120W,ELECT,EA,EA,5,98.0205,230.4225,98.0205,0,0,100.6667,122.6565
309-0110,12MM REGULAR ELECTRODE CAPS,NEON,EA,EA,50,0.0904,0.12,0.0904,0.0904,0,0.92,0.8409
309-0120,15MM REGULAR ELECTRODE CAPS,NEON,EA,EA,62,0.8368,1.4644,0.8368,0.0726,0,0.8368,0.3287
309-0140,"EC3 12, 13MM BLACK CAPS",NEON,EA,EA,72,0.2856,0.5,0.2856,0.2856,0,0,0
309-0683,15mm Short Stop - Black,NEON,EA,EA,95,0.21,0.3675,0.21,0,0,0,0
309-0770,1# TIE WIRE,NEON,LB,LB,1,4.748,6.94,4.748,4.748,0,55.72,4.75
309-1900,TUBE SUPPORT 10 MM CLEAR VUE,NEON,EA,EA,-15,0.2492,0.44,0.2492,0.2492,0,0,0
309-1916,"Westrim Glass Tube Support Aluminum w/ tie wire, silicone-dipped.",NEON,EA,BX,25,0.5722,1.00135,0.5722,0,0,0.5722,0.1725
309-1990,QUIK SUPPORT/PLASTIC,NEON,EA,EA,30,0.39,0.68,0.39,0.39,0,0.1737,0.39
310-0350,T101 TIME CLOCK,ELECT,EA,EA,2,90.98,159.215,90.98,42.91,0,90.98,78
311-0840,530.1 SPRINGLOADED SOCKETS,ELECT,EA,EA,175,1.52,2.66,1.52,1.2152,0,1.8968,1.3259
311-0841,530.2 STATIONERY SOCKETS,ELECT,EA,EA,329,1.17,2.0475,1.17,1.17,0,1.1718,1.166
311-0860,582-583 SNAP IN SOCKETS - 250/BOX,ELECT,EA,EA,475,3.535,6.18625,3.535,0.9666,0,3.535,1.1586
311-0862,HPEB-MB NRG Bar Mounting Bracket,ELECT,EA,EA,3516,3.23,5.6525,3.23,0,0,3.23,3.23
311-0980,WEATHER PROTECTIVE COVERS #S2983 FOR TOGGLE SWITCH,ELECT,EA,BX,95,1.3,2.275,1.3,1.3126,0,0.5585,1.2382
311-1050,TOGGLE SWITCH W/LEADS,ELECT,EA,EA,41,5.62,9.835,5.62,3.7348,0,5.62,5.99
312-0100,TRANSFORMER BOXES,TRANSF,EA,EA,-1,28.7,57.4,28.7,8.325,0,28.98,28.7
312-0160,9060 478B 9060 TRANSFORMER,TRANSF,EA,EA,-1,73.98,164.41,73.98,73.98,0,0,0
312-0240,4000/60 SMART SERIES TRANS,TRANSF,EA,EA,1,50.065,155.58,50.065,50.065,0,0,0
312-0260,4030P5G2 SMART SGFI NPF TRANS,TRANSF,EA,EA,5,47.16,94.32,47.16,47.16,0,0,0
312-0350,5000/30 P5G2 SM SGFI NPF 30MA TRAN,TRANSF,EA,EA,1,60.42,,60.42,53.43,0,60.4167,24.8068
312-0390,6000/30 P8G2B SM SERIES TRANSFORMER,TRANSF,EA,EA,2,60.63,121.26,60.63,57.21,0,60.635,57.21
312-0650,9000/30 P5G2UE  TRAN,TRANSF,EA,EA,6,195.43,390.86,195.43,64.85,0,195.43,181.8
312-0680,9000/30 P8G2U SERVICE MASTER TRAN,TRANSF,EA,EA,-1,114.7,229.4,114.7,81.1833,0,112.81,114.7
312-0690,9000/60 P5G2UE TRANFORMER,TRANSF,EA,EA,1,201.13,402.26,201.13,67.17,0,201.13,236.62
312-0950,15000/30 P5G-2UE FRANCE TRAN,TRANSF,EA,EA,5,240.43,480.86,240.43,94.3283,0,240.43,231.0454
312-1000,15060 P5G-2UE SERVICE MASTER TRAN,TRANSF,EA,EA,2,294.73,589.46,294.73,198.5625,0,294.73,244.01
312-1130,NPS-120-6030 VENTEX TRAN,TRANSF,EA,EA,-1,39.45,78.9,39.45,38.2,0,39.4475,38.2
312-1159,VT6030 CL120 Ventex Transformer,TRANSF,EA,EA,5,115.18,230.36,115.18,0,0,115.18,109.3825
312-1165,6030-120 TRAN Indoor Neon Pull-Chain,TRANSF,EA,EA,1,62.4,124.8,62.4,0,0,64.27,62.4
312-1175,VT12030CL-120 CHANNEL LETTER TRANSFORMER,TRANSF,EA,EA,1,178.44,356.88,178.44,0,0,178.44,137.99
312-1182,VT9060CL CHANNEL LETTER TRAN VENTEX 120V,TRANSF,EA,EA,1,100.61,201.22,100.61,0,0,103.62,100.61
312-1185,VT12030-120 INDOOR TRANSFORMER W/ PULL CHAIN,TRANSF,EA,EA,1,155.3,310.6,155.3,0,0,155.3,145.84
313-0130,5/8 GROUNDING CLAMP,ELECT,EA,EA,3,1.07,1.87,1.07,1.07,0,3.852,3.8533
313-0160,5/8 X 8 GROUNDING ROD,ELECT,EA,EA,3,8.26,14.46,8.26,8.26,0,17.334,17.3333
313-0260,#6 GROUND WIRE - linear ft to linear ft.,ELECT,LF,LF,1,0.1371,0.27,0.1371,0.1371,0,48.05,48.05
313-0310,#10 STRANDED WIRE,ELECT,FT,RL,350,0.42734,0.74785,0.4273,0.1667,0,0.4273,0.2584
313-0329,#12 BLUE 600V STRANDED WIRE,ELECT,FT,RL,250,0.2151,0.37643,0.2151,0,0,0.2151,0.1265
313-0330,#12 RED 600V STRANDED WIRE,ELECT,FT,RL,450,0.2151,0.37643,0.2151,0.1059,0,0.2151,0.1059
313-0331,#12 WHITE 600V STRANDED WIRE,ELECT,FT,RL,950,0.2151,0.37643,0.2151,0.1265,0,0.2151,0.193
313-0332,#12 BLACK 600V STRANDED WIRE,ELECT,FT,RL,700,0.19619,0.37643,0.1962,0.1265,0,0.1962,0.1983
313-0333,#12 GREEN 1000V STRANDED WIRE MTW,ELECT,FT,RL,75,0.1265,0.22138,0.1265,0.1265,0,0.1462,0.1265
313-0334,#12 WHITE UL 1000V STRANDED WIRE MTW,ELECT,FT,RL,2270,0.29124,0.50967,0.2912,0,0,0.3675,0.2914
313-0335,#12 BLACK UL 1000V STRANDED WIRE MTW,ELECT,FT,RL,2788,0.29124,0.50967,0.2912,0,0,0.3675,0.2928
313-0336,#12 GREEN UL 1000V STRANDED WIRE MTW,ELECT,FT,RL,1840,0.32911,0.57594,0.3291,0,0,0.3291,0.2328
313-0337,#12 AWC 15-12-65T-2 Red 12AWG UL 1000V MTW ,ELECT,LF,RL,500,0.2,0.35,0.2,0,0,0.1899,0.2
313-0360,#14 STRANDED WIRE,ELECT,FT,RL,900,0.12,0.21,0.12,0.0664,0,0.1456,0.1456
313-0380,30-072 BLUE WIRE NUT,ELECT,EA,BX,1951,0.14124,0.24717,0.1412,0.0777,0,0.5256,0.141
313-0420,30-452 RED WIRE NUTS,ELECT,EA,EA,807,0.28092,0.49161,0.2809,0.0853,0,0.2809,0.2777
313-0440,30-454 BLUE WIRE NUT,ELECT,EA,BX,-118,0.0777,0.13598,0.0777,0.0777,0,0.0777,0.1491
313-0460,ORANGE WIRE NUTS,ELECT,EA,EA,-7,0.07543,0.132,0.0754,0,0,0.0754,0.0754
313-0465,WIRE NUTS O/B+,ELECT,EA,BG,4370,0.114,0.1995,0.114,0.0628,0,0.119,0.099
313-0470,30-451 YELLOW WIRE NUTS,ELECT,EA,BG,850,0.2174,0.38045,0.2174,0.0572,0,0.2174,0.1334
313-0475,74B YELLOW 1000V UL WIRE NUT,ELECT,EA,EA,-21,0.10722,0.18764,0.1072,0.057,0,0.107,0.1072
313-0476,Wago 3 wire lever nuts,ELECT,EA,BX,217,0.3598,0.6297,0.3598,0,0,4.065,0.7314
313-0477,Wago 5 wire lever nuts,ELECT,EA,BX,47,0.5996,1.0493,0.5996,0,0,1.2305,1.0801
403-0101,Grip Gard Base Coat White 110,PAINT,OZ,GL,382,0.90797,1.5889,0.908,0,0,1.0448,0.908
403-0102,GRIP Gard Base Coat Mixing Black 160,PAINT,OZ,GL,356,0.90797,1.5889,0.908,0,0,1.1469,0.908
403-0103,Grip Gard Base Coat High Strength (HS) White 120,PAINT,OZ,GL,216,1.16898,2.04572,1.169,0,0,1.1938,1.1669
403-0104,GRIP Gard Base Coat Deep Black 140,PAINT,OZ,GL,-1300,1.18,2.065,1.18,0,0,1.1785,1.18
403-0105,Grip Gard Base Coat Assorted Colors,PAINT,OZ,LITER,3158,2.19517,3.84155,2.1952,0,0,2.62,2.0844
403-0106,Grip Gard Base Coat Metallic Fine 811E,PAINT,OZ,GL,111,1.75344,3.06852,1.7534,0,0,1.77,1.6714
403-0107,Grip Gard Base Coat Metallic Very Coarse 811R,PAINT,OZ,GL,119,1.36117,2.38205,1.3612,0,0,1.7534,1.3516
404-0111,EFXLV B60HG 483921,PAINT,OZ,GL,-128,0.98281,1.71992,0.9828,0,0,0.9828,0.8222
404-0115,Grip Gard Base Coat 90 Binder,PAINT,OZ,LITER,47,1.21,2.1175,1.21,0,0,1.2882,1.21
404-0116,GRIP GARD base coat binder 10,PAINT,OZ,GL,151,0.87265,1.52714,0.8727,0,0,1.1334,0.8727
404-0195,Clear Hardener (Universal) 563553,PAINT,OZ,GL,-491,1.37844,2.41227,1.3784,0,0,1.3167,1.2306
404-0196,GRIP GARD PL Sup Top Plus 3.5 VOC 397479,PAINT,OZ,QT,164,3.23438,5.66017,3.2344,0,0,3.3019,3.23
404-0231,Clear Gloss (Universal) 571430,PAINT,OZ,GL,-2588,1.25,2.1875,1.25,0,0,1.3237,1.25
404-0232,Low Gloss Clear (Universal) 563426,PAINT,OZ,GL,3,1.31101,2.29427,1.311,0,0,1.3393,1.311
404-0233,Satin Clear (Universal) 563423,PAINT,OZ,GL,-8,0.8345,2.1875,0.8345,0,0,0.868,0.8347
404-0295,GRIP GARD Base Coat Medium Reducer 391265,PAINT,OZ,GL,-1399,0.31758,0.55577,0.3176,0,0,0.3213,0.3176
404-0296,GRIP GARD Base Coat Flex Medium Reducer 483311,PAINT,OZ,GL,139,0.21859,0.38253,0.2186,0,0,0.2274,0.2187
404-0297,Grip Gard Surfacer Sealer Hardener GGSURESEALHARDQT 576880,PAINT,OZ,QT,64,0.31758,0.5558,0.3176,0,0,0.7591,0.3177
404-0361,Epoxy Hardener Grip-Gard 483100GL,PAINT,OZ,GL,128,0.95844,1.67727,0.9584,0.3,0,0.9584,0.9584
404-0362,Epoxy Reducer Grip=Gard 480746GL,PAINT,OZ,GL,128,0.30594,0.5354,0.3059,0,0,0.3059,0.3059
404-0380,White Wash Primer ,PAINT,OZ,GL,-556,0.71586,1.25276,0.7159,0.51,0,0.5182,0.7159
404-0382,White Surfacer Sealer GGSURWHITEGL 545807,PAINT,OZ,GL,256,0.71586,1.2528,0.7159,0,0,0.6787,0.7159
404-0390,WAX & GREASE REMOVER M600,PAINT,OZ,GL,1856,0.2506,0.43855,0.2506,0.1694,0,0.2674,0.2503
405-0145,Jet Black Cote All,PAINT,OZ,GL,-1527,0.42203,0.73855,0.422,0.19,0,0.6506,0.6506
407-0110,225S ALUMINUM CLEANER,PAINT,OZ,GL,-128,0.59094,1.03415,0.5909,0.3858,0,0.5033,0.5909
407-0111,S-375 aluminum cleaner,PAINT,OZ,GL,-627,0.0867,0.15173,0.0867,0,0,0.09,0.0867
408-0290,Grip-Gard 483099 GL White Epoxy Sealer,PAINT,OZ,GL,128,0.89438,1.56517,0.8944,0.2152,0,0.8944,0.8944
409-0140,Lacquer Thinner,PAINT,OZ,GL,12886,0.0916,0.1603,0.0916,3.9,0,0.0916,0.091
409-0165,DuPont 3812,PAINT,OZ,GL,309,0.2382,0.63259,0.2382,0.16,0,0.3176,0.306
409-0230,A-5055 THINNER,PAINT,OZ,GL,1520,0.1082,0.18935,0.1082,0.1061,0,0.119,0.108
502-0260,WHITE TRANS FILM/INKJET 54,VPRINT,SF,LYD,-15,1.4201,2.76,1.4201,1.4201,0,2.1498,1.4202
506-0130,48 1772 YELLOW PAINT MASK,VINYL,SF,LYD,292,0.6,1.2,0.6,0.3583,0,0.6815,0.6
506-0245,"Oracal oralite 5600 brown 24""",VINYL,SF,LYD,21,2.29667,4.59334,2.2967,0,0,2.2967,1.1463
506-0520,"Transferite - High Tack 18""",VINYL,SF,RL,1675,0.17993,0.35986,0.1799,0.11,0,0.2767,0.1597
506-0530,"Transferite - High Tack 24""",VINYL,SF,RL,-314,0.179,0.358,0.179,0.11,0,0.2767,0.179
506-0540,24 3MTPM5 3M transfer tape,VINYL,SF,RL,938,0.9044,1.8088,0.9044,0,0,0.9507,0.8914
506-0600,"Transferite - High Tack 12""",VINYL,SF,RL,-1299,0.179,0.358,0.179,0.0993,0,0.1824,0.179
506-0610,"Transferite - High Tack 16""",VINYL,SF,RL,784,0.179,0.358,0.179,0.0992,0,0.1815,0.179
507-0110,BLACK REF SCOTCHLITE,VREFL,SF,LYD,15,2.9441,5.89,2.9441,2.9441,0,0,0
507-0135,Blue ElectroCut Film 3M 1175,VREFL,SF,SF,20,1.63889,3.2778,1.6389,0,0,3.5108,1.639
507-0160,BLUE 680-75 SCOTCHLITE,VREFL,SF,LYD,14,2.9441,5.89,2.9441,2.9441,0,4.6795,2.9442
507-0230,GREEN 680-77 SCOTCHLITE PLUS,VREFL,SF,LYD,8,2.7857,5.58,2.7857,2.7857,0,0,0
507-0290,ORANGE REF SCOTCHLITE,VREFL,SF,LYD,5,2.5362,7.08,2.5362,2.5362,0,0,0
507-0345,RED 24 REFLECTIVE VINYL Avery V4000-450,VREFL,SF,LYD,4,4.133,8.266,4.133,0,0,0,0
507-0415,WHITE REFLECTIVE VINYL V4000-101 24,VREFL,SF,LYD,114,4.133,8.266,4.133,0,0,4.133,3.1847
507-0425,"White 4090 DG3 Refl sheeting 11 48""",VREFL,SF,SF,151,5.5434,11.0868,5.5434,0,0,4.1667,5.5434
507-0426,"White 3930 High Intensity Prismatic (HIP) 48"" x 50yd roll",VREFL,SF,LYD,192,1.68,3.36,1.68,0,0,1.815,1.68
507-0427,"White 4090 DG3 Refl sheeting 11 30""",VREFL,SF,SF,-60,5.86508,11.73016,5.8651,0,0,5.8651,4.85
507-0430,WHITE SCOTCHLITE PLUS 680-10,VREFL,SF,LYD,67,4.15,8.3,4.15,2.7144,0,4.15,4.15
507-0455,YELLOW 24 REFLECTIVE VINYL Avery V4000-250,VREFL,SF,LYD,43,4.133,8.266,4.133,0,0,4.133,3.1843
507-0485,YELLOW REF SCOTCHLIT 680-71,VREFL,SF,LYD,-13,2.7272,5.4544,2.7272,0,0,4.1917,0
508-0130,BEIGE (7725-49) SCOTCHCAL 24,VSCTCL,SF,LYD,6,0.852,1.45,0.852,0.852,0,0.9467,0.8517
508-0200,BEIGE SCOTCHCAL 48,VSCTCL,SF,LYD,7,0.8747,1.49,0.8747,0.8747,0,0.9458,0.875
508-0230,"BLACK 7725-12 VINYL 30""",VSCTCL,SF,LYD,55,1.575,3.15,1.575,2.0167,0,1.4022,1.3669
508-0330,"BLACK GLOSS 3M 7725-12 48""",VSCTCL,SF,LYD,3166,1.457,2.914,1.457,0.7832,0,1.457,1.4541
508-0660,BLUE LIGHT NAVY SCOTCHCAL 30,VSCTCL,SF,LYD,17,0.8997,1.57,0.8997,0.8997,0,0,0
508-0670,BLUE LIGHT NAVY SCOTCHCAL 48,VSCTCL,SF,LYD,58,2.05,4.1,2.05,0.8779,0,2.315,2.0467
508-0710,"#7725-57 OLYMPIC BLUE OPAQUE 48""",VSCTCL,SF,LYD,-3,0.8747,1.75,0.8747,0.8747,0,1.9579,0.8746
508-0740,BLUE OLYMPIC SCOTCHCAL 24,VSCTCL,SF,LYD,12,0.8065,1.41,0.8065,0.8065,0,0,0
508-0880,BLUE SAPPHIRE SCOTCHCAL 48,VSCTCL,SF,LYD,42,1.46417,2.92834,1.4642,0.8757,0,1.4642,1.3496
508-0990,BLUE VIVID SCOTCHCAL 48,VSCTCL,SF,LYD,149,1.46417,2.92834,1.4642,0.9101,0,1.4642,1.4642
508-1090,"BROWN RUSSET H.P. VINYL 48""",VSCTCL,LF,LYD,23,1.0918,2.4,1.0918,1.0918,0,2.3208,1.0917
508-1240,CHROME MATERIAL 24,VSCTCL,SF,LYD,8,1.172,2.45,1.172,1.172,0,1.422,1.1528
508-1370,"7725-314 DUSTED CRYSTAL VINYL 48""",VSCTCL,SF,LYD,225,2.27558,4.55116,2.2756,1.685,0,2.3438,2.033
508-1405,"#7725-324 FROSTED CRYSTAL VINYL 48""",VSCTCL,SF,LYD,26,1.88916,3.77832,1.8892,0,0,1.8892,1.4058
508-1410,DARK AQUA VINYL 30,VSCTCL,SF,LYD,48,0.972,1.7,0.972,0.972,0,0,0
508-1575,"Harvest Gold 48"" 3M 7725-105",VSCTCL,SF,LYD,12,0.8525,1.705,0.8525,0,0,3.1158,0.8525
508-1750,GRAY MEDIUM SCOTCHCAL 48,VSCTCL,SF,LYD,116,2.3195,4.639,2.3195,0.8747,0,2.3196,0.8747
508-1755,"Mid Grey 7725-61 48""",VSCTCL,SF,LYD,90,1.90833,3.81666,1.9083,0,0,1.9098,0.8747
508-1790,GREEN BTLE SCOTCH 48 7725-276,VSCTCL,SF,LYD,13,0.8599,1.72,0.8599,0.8599,0,1.0417,0.86
508-1870,GREEN BRIGHT SCOTCHCAL 48,VSCTCL,SF,LYD,82,2.319,4.638,2.319,0.8747,0,2.3196,0.8747
508-1990,GREEN FRST 7725-66 SCOTCHCAL48,VSCTCL,SF,LYD,9,0.8747,1.75,0.8747,0.8747,0,0.9469,0.8747
508-2070,GREEN KEL(7725-46) SCOTCH 48,VSCTCL,SF,LYD,15,0.8811,1.73,0.8811,0.8811,0,1.5281,0.881
508-2150,GREY DARK SCOTCHCAL 48,VSCTCL,SF,LYD,8,0.8778,1.75,0.8778,0.8778,0,2.3265,0.8777
508-2390,MAHOGANY SCOTCHCAL MAT'RL 48,VSCTCL,SF,LYD,13,0.8525,1.45,0.8525,0.8525,0,1.9727,0.8525
508-2470,ORANGE BRIGHT SCOTCHCAL 48,VSCTCL,SF,LYD,13,0.8779,1.49,0.8779,0.8779,0,3.1083,0.8775
508-2530,ORANGE LIGHT 30 SCOTCHCAL,VSCTCL,SF,LYD,6,0.8642,1.73,0.8642,0.8642,0,0,0
508-2610,PEACOCK SCOTCHCAL 24,VSCTCL,SF,LYD,25,0.809,1.42,0.809,0.809,0,0,0
508-2740,PURPLE VINYL 48,VSCTCL,SF,LYD,17,1.8653,3.77,1.8653,1.8653,0,0,0
508-2750,"PUTTY OPAQUE 7725-59 48"" ",VSCTCL,SF,LYD,88,1.2345,2.469,1.2345,1.0656,0,1.2345,1.0656
508-2985,GERANIUM 180MC-63-4810,VSCTCL,SF,LYD,117,1.89941,3.79882,1.8994,0,0,1.8994,1.3055
508-3060,RED PERFECT MATCH VINYL 48,VSCTCL,SF,LYD,51,1.9407,3.88,1.9407,1.9407,0,1.9773,1.9406
508-3140,RED TOMATOSCOTCHCAL 48,VSCTCL,SF,LYD,27,1.7105,3.421,1.7105,0.8747,0,1.7106,1.4642
508-3370,TAN H.P. VINYL 30,VSCTCL,SF,LYD,4,2.1607,3.78,2.1607,2.1607,0,0,0
508-3555,"VQ 4962 GLOSS BLACK VINYL 48"" 3M #3632G-0153   CAT SCALE",VSCTCL,SF,RL,-120,1.8498,4.275,1.8498,2,0,1.8344,1.8498
508-3557,"Oracal GLOSS BLACK VINYL 48"" 951 premium cast film",VTRANS,SF,RL,-91,1.05215,2.1043,1.0522,0,0,1.0522,0.9145
508-3590,"WHITE ANTIQUE VINYL 7725-90 48""",VSCTCL,SF,LYD,3,2.1607,3.78,2.1607,2.1607,0,0,0
508-3610,WHITE BLOCK OUT VINYL 48,VSCTCL,SF,LYD,-2,0.7889,1.56,0.7889,0.7889,0,1.1979,0.7889
508-3690,"7725-10 WHITE OPAQUE 48""",VSCTCL,SF,LYD,94,1.79983,3.59966,1.7998,0.7532,0,1.4487,1.7998
508-3695,"WHITE CONTROLTAC 180MC-10-4810 48""",VSCTCL,SF,LYD,48,1.53016,3.06032,1.5302,0,0,1.5302,0.8536
508-3720,YELLOW BRIGHT SCOTCHC 48,VSCTCL,SF,LYD,12,1.67667,3.35334,1.6767,0.8779,0,1.6767,0.8779
510-0110,BLACK TRANS 3630-22 VINYL 48,VTRANS,SF,LYD,185,1.5075,3.015,1.5075,0.8029,0,1.5075,1.4778
510-0115,"Black 1178 Electrocut overlay 48""",VTRANS,SF,LYD,10,1.4,2.8,1.4,0,0,1.4,1.4
510-0140,BLUE 3630-36 TRANS VINYL 48,VTRANS,SF,LYD,21,1.86917,3.73834,1.8692,1.3958,0,1.8309,1.7861
510-0160,BLUE BRISTOL TRANS VINYL 48,VTRANS,SF,LYD,144,2.3424,4.6848,2.3424,1.3978,0,2.3424,1.6908
510-0230,BLUE EVENING TRANS VINYL 48,VTRANS,SF,LYD,29,1.2739,2.23,1.2739,1.2739,0,0,0
510-0240,BLUE INT TRANS SCOTCH 48,VTRANS,SF,LYD,73,1.8325,3.665,1.8325,1.3944,0,1.9514,1.9517
510-0260,BLUE OLYMPIC TRANS SCOTHCAL 48,VTRANS,SF,LYD,95,3.94167,7.88334,3.9417,1.3364,0,3.9417,1.3364
510-0270,BLUE PROCESS TRANS SCOTCH 48,VTRANS,SF,LYD,130,2.039,4.078,2.039,1.3978,0,2.039,1.6741
510-0280,BLUE ROYAL TRANS SCOTCHCAL 48,VTRANS,SF,LYD,64,1.46167,2.92334,1.4617,1.3978,0,1.4642,1.3978
510-0300,BLUE SULTAN TRANS S'CAL 48,VTRANS,SF,LYD,86,1.7525,3.505,1.7525,1.3978,0,1.7525,1.7525
510-0321,BRIGHT BLUE 3630-167 TRANS VINYL 48,VTRANS,SF,LYD,56,1.92025,4.92834,1.9203,2.4642,0,1.655,1.9202
510-0322,BRIGHT Violet  3630-158 TRANS VINYL 48,VTRANS,SF,LYD,211,2.93583,5.87166,2.9358,0,0,2.9358,1.9203
510-0325,Avery 9503-T Tropical Blue Vin,VTRANS,SF,SF,8,2.129,,2.129,2.129,0,0,0
510-0330,BRONZE DURANODIC TRAN 48,VTRANS,SF,LYD,231,2.37183,4.74366,2.3718,1.3978,0,3.1247,1.3978
510-0350,BROWN DARK TRANS 3630-59 48,VTRANS,SF,LYD,9,1.6,3.2,1.6,1.4539,0,1.8325,1.6
510-0410,BROWN RUST TRANS 3630-63 48,VTRANS,SF,LYD,16,1.3978,2.67,1.3978,1.3978,0,1.6567,1.3978
510-0450,"BURGUNDY TRAN 3630-49 48""",VTRANS,SF,LYD,102,2.34242,4.68484,2.3424,1.3978,0,2.3424,1.8692
510-0535,Avery 9418-T Fuschia Vinyl,VTRANS,SF,SF,11,1.53833,,1.5383,1.5383,0,0,0
510-0560,GOLD METALLIC TRAN VINYL 48,VTRANS,SF,LYD,20,1.9625,3.925,1.9625,1.3958,0,1.9625,1.3958
510-0590,GOLD NUGGET TRAN VINYL 48,VTRANS,SF,LYD,154,1.3978,2.79,1.3978,1.3978,0,1.8309,1.8308
510-0630,GREEN BRILLIANT TRAN 48,VTRANS,SF,LYD,101,2.01,5.15842,2.01,1.3364,0,2.01,2.5525
510-0640,GREEN DK EMRLD TR 3630-126 48,VTRANS,SF,LYD,8,1.69083,3.38166,1.6908,1.4539,0,1.8325,1.6187
510-0645,"Green 1177 Electrocut overlay 48""",VTRANS,SF,SF,123,2.36416,4.72832,2.3642,0,0,1.8242,2.3642
510-0660,GREEN HOLLY TRANS VINYL 48,VTRANS,SF,LYD,19,1.86917,3.73834,1.8692,1.4539,0,1.8692,1.4539
510-0720,GREEN LT KELLY TR 3630-146 48,VTRANS,SF,LYD,54,1.2739,2.23,1.2739,1.2739,0,0,0
510-0760,GREEN TRANS VINYL 48 3630-26,VTRANS,SF,LYD,76,1.7875,3.575,1.7875,1.3095,0,1.9514,1.7875
510-0800,GREEN VIVID TRANS VINYL 48,VTRANS,SF,LYD,46,2.34242,5.46616,2.3424,1.3978,0,2.3424,2.7331
510-0875,"Day/Night Smoke Grey 48"" 3635-91",VTRANS,SF,LYD,43,3.754,7.508,3.754,0,0,1.6708,3.7539
510-0876,"Dual Color Black 48"" 3635-222",VTRANS,SF,LYD,2,4.21917,8.43834,4.2192,0,0,5.3019,4.2192
510-0890,IVORY TRANS SCOTCHCAL 48,VTRANS,SF,LYD,7,1.403,2.81,1.403,1.403,0,1.6567,1.403
510-0920,KUMQUAT TRAN SCOTCHCAL 48,VTRANS,SF,LYD,-2,1.3978,2.45,1.3978,1.3978,0,2.4781,1.3978
510-0955,"Poppy Orange 48"" trans 3M 3630-144",VTRANS,SF,LYD,17,1.4,2.8,1.4,0,0,1.6658,1.4
510-0960,MAGENTA INTENSE TRANS 48,VTRANS,SF,LYD,104,1.535,3.07,1.535,1.2739,0,1.555,1.535
510-0990,MARIGOLD TRAN SCOTCHCAL 48,VTRANS,SF,LYD,74,2.78,5.56,2.78,1.31,0,2.7813,1.31
510-1050,"ORANGE TRANS 3630-44 SCOTCHCAL 48""",VTRANS,SF,LYD,92,1.94167,3.88334,1.9417,1.3978,0,1.9417,1.8325
510-1150,PLUM PURPLE TRANS VINYL 3630-128 48,VTRANS,SF,LYD,96,1.9514,3.9028,1.9514,1.31,0,1.9514,1.8325
510-1185,RASPBERRY TRANS VINYL HP 48,VTRANS,SF,LYD,35,1.8723,3.7446,1.8723,0,0,1.555,1.8725
510-1190,3630-33 RED TRANS VINYL,VTRANS,SF,LYD,313,1.9419,3.8838,1.9419,1.3978,0,1.9417,1.9419
510-1195,"Red 1172 Electrocut overlay 24""",VTRANS,SF,LYD,3,1.4,2.8,1.4,0,0,2.5663,1.4
510-1240,RED CARDINAL TRAN VINYL 15,VTRANS,LF,LF,-14,1.947,3.87,1.947,1.947,0,0,0
510-1260,RED DK TRAN 3630-73 SCOTL 48,VTRANS,SF,LYD,19,1.86917,3.73834,1.8692,1.403,0,1.8692,1.4156
510-1300,RED LIGHT TOMATO TRAN 48,VTRANS,SF,LYD,5,1.8325,3.665,1.8325,1.403,0,4.9239,1.7544
510-1320,RED POPPY TRAN SCOTCHCAL 48,VTRANS,SF,LYD,7,1.7875,3.575,1.7875,1.312,0,1.8325,1.7875
510-1340,RED REGAL TRAN SCOTCHCAL 48,VTRANS,SF,LYD,42,1.94167,3.88334,1.9417,1.3978,0,1.9417,1.3978
510-1350,RED SCARLET TRAN VINYL 30,VTRANS,SF,LYD,56,3.7047,6.48,3.7047,3.7047,0,0,0
510-1410,ROSE MAUVE TRAN SCOTCHCL 48,VTRANS,SF,LYD,19,1.312,2.3,1.312,1.312,0,0,0
510-1470,SILVER GREY TRAN VINYL 48,VTRANS,SF,LYD,36,1.9625,3.925,1.9625,1.3978,0,1.9625,1.6567
510-1510,SILVER TRAN VINYL 48,VTRANS,SF,LYD,9,1.3954,2.79,1.3954,1.3954,0,3.07,1.3954
510-1540,SUNFLOWER TRANS 3630-25 VINYL,VTRANS,SF,LYD,35,1.86917,3.73834,1.8692,1.4539,0,1.8692,1.5117
510-1570,TANGERINE TRAN SCOTCHCAL 48,VTRANS,SF,LYD,16,1.65667,3.31334,1.6567,1.403,0,2.3375,1.6567
510-1590,TEAL TRAN VINYL 48,VTRANS,SF,LYD,121,1.69083,3.38166,1.6908,1.2739,0,1.7273,1.6908
510-1650,TURQUOISE TRANS. 3630-236 48,VTRANS,SF,LYD,13,1.2739,2.23,1.2739,1.2739,0,2.7929,1.2738
510-1840,"WHITE DIFFUSER VINYL FILM 40% 3635-30 48""",VTRANS,SF,LYD,99,1.14867,2.29734,1.1487,0.7701,0,1.5545,1.1487
510-1860,WHITE TRANSLUCENT #3630-20 ,VTRANS,SF,LYD,39,2.0104,4.0208,2.0104,1.3358,0,1.9417,2.0104
510-1890,YELLOW GOLD 3630-125 TRANS 48,VTRANS,SF,LYD,35,1.3978,2.67,1.3978,1.3978,0,1.8325,1.3978
510-1895,Light Lemon Yellow 3630-115 TRANS 48,VTRANS,SF,LYD,88,1.83092,3.66184,1.8309,0,0,1.8309,1.3978
510-1905,"Yellow 1171 Electrocut overlay 48""",VTRANS,SF,LYD,90,1.8,3.6,1.8,0,0,1.8,1.8
510-1930,YELLOW TRAN SCOTCHC 48,VTRANS,SF,LYD,65,2.34233,4.68466,2.3423,1.3944,0,2.3423,1.7875
511-0100,"1"" 4949 VHB tape S-10146",VHRDWE,LF,RL,216,1.1296,1.9768,1.1296,0.4043,0,2.1574,1.1296
511-0105,"3M 1/2"" 4910 Clear VHB tape",VHRDWE,LF,RL,148,0.796,1.393,0.796,0.29,0,0.5198,0.796
511-0110,"1"" 3M VHB ALL-PURPOSE TAPE - WHITE 4930",VHRDWE,LF,RL,781,1.70833,2.98958,1.7083,0.6051,0,1.8012,1.4671
511-0120,"1/2"" 4930 VHB t ape S-10126",VHRDWE,LF,RL,405,1.02777,3.885,1.0278,0.0944,0,1.1121,0.9186
511-0170,12 X 18 X .080 ALUMINUM BLANKS,VHRDWE,EA,EA,1,12.12,21.21,12.12,8.0283,0,12.12,8.0283
511-0200,12X18 HANIDICAP PARK STATE PER,VHRDWE,EA,EA,2,11.265,25,11.265,11.265,0,0,0
511-0260,18 X 24 X .080 ALUMINUM BLANKS,VHRDWE,EA,EA,4,13.2283,20.2,13.2283,13.2283,0,14.1667,13.2283
511-0270,18 X 24 X .080 WHITE ALUM,VHRDWE,EA,EA,1,14.2183,23.83,14.2183,14.2183,0,17.18,14.22
511-0500,24 X 18 WHT CRPLST GOLF CART,VHRDWE,EA,EA,9,4.588,8.03,4.588,4.588,0,0,0
511-0620,MAGNETIC SHEET .030,VHRDWE,SF,SF,-11,4.341,7.59675,4.341,1.0796,0,4.1016,4.3412
512-0190,Tri Foam Decal,VGRPH,EA,EA,8,7.2,10.8,7.2,4.73,0,7.543,7.2
800-0120,70# SAND TUBE BAGS,INSTL,EA,EA,-3,3.73,6.5275,3.73,0,0,2.5865,2.5865
800-0130,12 SONOTUBE,INSTL,LF,LF,48,10.99,19.2325,10.99,2.84,0,11.7594,2.84
800-0140,18 SONOTUBE,INSTL,LF,LF,4,16.39,28.6825,16.39,5.12,0,17.5375,5.12
800-2110,"1 3/4""x1 3/4""x10' 14ga perforated post",INSTL,EA,EA,12,38.72,67.76,38.72,0,0,44.22,42.1944
800-2111,"2""x2""x3' 12 ga. perforated sleeve",INSTL,EA,EA,16,16.36,28.63,16.36,0,0,20.71,18.9378
